,Title,Note,URL,Tags,Comment,lat,lng
0,Singapore Art Museum at Tanjong Pagar Distripark,"Museum, $0, 1h",https://www.google.com/maps/place/Singapore+Art+Museum+at+Tanjong+Pagar+Distripark/data=!4m2!3m1!1s0x31da190b4b2f2d3d:0x301402de71935aba,,,1.2719533,103.836752
1,Moon Rooftop Bar & Lounge Pte. Ltd.,"Bar, $25, 1h",https://www.google.com/maps/place/Moon+Rooftop+Bar+%26+Lounge+Pte.+Ltd./data=!4m2!3m1!1s0x31da19f80295a7fb:0x255dc8273cb0675e,,,1.2741592,103.8447546
2,ALLY Singapore - Maxwell,"Fitness, $30, 1.5h",https://www.google.com/maps/place/ALLY+Singapore+-+Maxwell/data=!4m2!3m1!1s0x31da1961ae30cedd:0x6ebe630376b09362,,,1.2775878,103.845288
3,Revolution Tanjong Pagar,"Fitness, $30, 1.5h",https://www.google.com/maps/place/Revolution+Tanjong+Pagar/data=!4m2!3m1!1s0x31da19fdd4f151cd:0x4b52d3fc13f969,,,1.2786632,103.8474008
4,R10T,"Fitness, $30, 1.5h",https://www.google.com/maps/place/R10T/data=!4m2!3m1!1s0x31da19ccc3c244f5:0x42b22a993be6587d,,,1.2784458,103.848261
5,Lab Studios - Stanley Street | Pilates & Barre,"Fitness, $30, 1.5h",https://www.google.com/maps/place/Lab+Studios+-+Stanley+Street+%7C+Pilates+%26+Barre/data=!4m2!3m1!1s0x31da190ad4539e01:0x693c9e4f6770fc9d,,,1.2800476,103.8478249
6,Absolute Boutique Fitness Studio @ Raffles Place,"Fitness, $30, 1.5h",https://www.google.com/maps/place/Absolute+Boutique+Fitness+Studio+@+Raffles+Place/data=!4m2!3m1!1s0x31da19627b2abd49:0xd57d4791cf1d7fc,,,1.2838533,103.8519697
7,ALLY Singapore - Cross Street,"Fitness, $30, 1.5h",https://www.google.com/maps/place/ALLY+Singapore+-+Cross+Street/data=!4m2!3m1!1s0x31da19a6e7cc7e69:0x710968c5e944213d,,,1.2822647,103.8488918
8,"Love, Bonito Funan - Women's Fashion & Clothing","Shopping, $50, 0.5h","https://www.google.com/maps/place/Love,+Bonito+Funan+-+Women's+Fashion+%26+Clothing/data=!4m2!3m1!1s0x31da1957856e25e5:0x875ba51f0b437eb6",,,1.2911354,103.8501524
9,Angel Republic,"Shopping, $30, 0.5h",https://www.google.com/maps/place/Angel+Republic/data=!4m2!3m1!1s0x31da19aee7671579:0x451d2ce05c72be49,,,1.2827558,103.8465745
10,bookstore bommoi,"Cafe, $10, 0.5h",https://www.google.com/maps/place/bookstore+bommoi/data=!4m2!3m1!1s0x31da198cfda4e071:0x3107527e5292df34,,,1.2793996,103.8424524
11,Books Kinokuniya Singapore Main Store,"Shopping, $15, 0.5h",https://www.google.com/maps/place/Books+Kinokuniya+Singapore+Main+Store/data=!4m2!3m1!1s0x31da1991f17e993b:0x3f3e660ed88690d5,,,1.3024048,103.8347024
12,Littered with Books,"Shopping, $15, 0.5h",https://www.google.com/maps/place/Littered+with+Books/data=!4m2!3m1!1s0x31da196d5e2f11cd:0xf022711eb7b2dcee,,,1.2795368,103.8434565
13,The Bookstore by Books Beyond Borders,"Shopping, $15, 0.5h",https://www.google.com/maps/place/The+Bookstore+by+Books+Beyond+Borders/data=!4m2!3m1!1s0x31da19afee495ef7:0x9c24c7b815089b7d,,,1.2807689,103.8454104
14,Sparkle Please | Crystal Workshops SG,"Shopping, $20, 1h",https://www.google.com/maps/place/Sparkle+Please+%7C+Crystal+Workshops+SG/data=!4m2!3m1!1s0x31da179b5a56ae69:0x311551e4634ba003,,,1.2775952,103.8437654
15,The Telegraph by Olivia,"Western, $50, 1.5h",https://www.google.com/maps/place/The+Telegraph+by+Olivia/data=!4m2!3m1!1s0x31da19fa12bf62bf:0x70bc5ee041bba9c9,,,1.2968398,103.8574827
16,L'éclair Pâtisserie (Café),"Cafe, $20, 1h",https://www.google.com/maps/place/L'%C3%A9clair+P%C3%A2tisserie+(Caf%C3%A9)/data=!4m2!3m1!1s0x31da199804a12a3d:0xf4785b1517e9d0ff,,,1.298267,103.844008
17,Ah Chew Desserts,"Cafe, $5, 0.5h",https://www.google.com/maps/place/Ah+Chew+Desserts/data=!4m2!3m1!1s0x31da199dadcf6969:0x12aec2ec574e31be,,,1.2980222,103.8563056
18,DORS at Design Orchard,"Shopping, $50, 1h",https://www.google.com/maps/place/DORS+at+Design+Orchard/data=!4m2!3m1!1s0x31da1991407459dd:0xf37792a225453d44,,,1.302084,103.8377866
19,The Pinnacle Sky Garden 50th Storey Skybridge,"Museum, $0, 0.5h",https://www.google.com/maps/place/The+Pinnacle+Sky+Garden+50th+Storey+Skybridge/data=!4m2!3m1!1s0x31da196c6560d613:0x3f1008a5eb73ee96,,,1.2757339,103.8412111
20,Red Dot Design Museum,"Museum, $0, 1h",https://www.google.com/maps/place/Red+Dot+Design+Museum/data=!4m2!3m1!1s0x31da1912c68752ab:0xfafa51da63b1f3ed,,,51.487872,7.045149599999999
21,Christmas Wonderland,"Theme Park, $0, 1h",https://www.google.com/maps/place/Christmas+Wonderland/data=!4m2!3m1!1s0x31da19030466802b:0x8098abdb7a1a6282,,,25.7317275,-80.3200768
22,"TRIFECTA - Surf, Snow, Skate in Orchard Road","Theme Park, $40, 2h","https://www.google.com/maps/place/TRIFECTA+-+Surf,+Snow,+Skate+in+Orchard+Road/data=!4m2!3m1!1s0x31da19245a0efd35:0x6129c32ce8c841b4",,,1.2996972,103.8390203
23,Fort Canning Centre,"Museum, $0, 1.5h",https://www.google.com/maps/place/Fort+Canning+Centre/data=!4m2!3m1!1s0x31da19a24404dbb9:0x9cd813ac454e800c,,,1.2952779,103.8468705
24,GX-5 Extreme Swing,"Theme Park, $30, 0.5h",https://www.google.com/maps/place/GX-5+Extreme+Swing/data=!4m2!3m1!1s0x31da19a0440a5a87:0xf69476c1b8a8cc2f,,,1.2903349,103.8469959
25,NearesTTen Curated Thrift Store,"Thrift, $30, 1h",https://www.google.com/maps/place/NearesTTen+Curated+Thrift+Store/data=!4m2!3m1!1s0x31da19e55044cb2f:0x541b4f3279e44a5b,,,1.283456,103.844085
26,A_Livehouse,"Bar, $40, 1.5h",https://www.google.com/maps/place/A_Livehouse/data=!4m2!3m1!1s0x31da19bd50c5b3b5:0xe36aff9c754bcb5f,,,1.2924719,103.8564428
27,Kyuukei Coffee | Maxwell,"Cafe, $10, 1h",https://www.google.com/maps/place/Kyuukei+Coffee+%7C+Maxwell/data=!4m2!3m1!1s0x31da190d531f50c3:0x33f45389ff2465c3,,,1.2805585,103.8451894
28,SuperPark Singapore,"Theme Park, $50, 2h",https://www.google.com/maps/place/SuperPark+Singapore/data=!4m2!3m1!1s0x31da193f907e7fc3:0xddbe9e5d41cd7585,,,1.2961791,103.8586032
29,SBCD Korean Tofu House (Millenia Walk),"Korean, $25, 1.5h",https://www.google.com/maps/place/SBCD+Korean+Tofu+House+(Millenia+Walk)/data=!4m2!3m1!1s0x31da19aed4eaf83b:0xed5724e01f2531a5,,,1.293696,103.8594063
30,Glasshouse,"Cafe, $20, 1h",https://www.google.com/maps/place/Glasshouse/data=!4m2!3m1!1s0x31da19a4418be899:0x9c4b2fe5f78e38f4,,,54.9677847,-1.602003
31,Paperbakes @ Raffles City,"Cafe, $20, 0.5h",https://www.google.com/maps/place/Paperbakes+@+Raffles+City/data=!4m2!3m1!1s0x31da1952f15bf453:0x7c853fede18205d7,,,1.2938627,103.8533285
32,Shu Yan Sichuan Cuisine,"Chinese, $20, 1.5h",https://www.google.com/maps/place/Shu+Yan+Sichuan+Cuisine/data=!4m2!3m1!1s0x31da199f29e541e9:0x9404fdf8d522dc97,,,1.2857163,103.8452531
33,Bullock Cart Coffee (Chinatown),"Cafe, $10, 0.5h",https://www.google.com/maps/place/Bullock+Cart+Coffee+(Chinatown)/data=!4m2!3m1!1s0x31da1994dbb5693d:0x57063951f9a3d0fe,,,1.2848315,103.8460407
34,The Trend cafe-bistro,"Cafe, $15, 1.5h",https://www.google.com/maps/place/The+Trend+cafe-bistro/data=!4m2!3m1!1s0x31da1923a54705db:0x9b895355b1ec387b,,,1.2844382,103.8455113
35,"FreakyCones - Ice Cream, Waffles & Matcha","Cafe, $15, 1h","https://www.google.com/maps/place/FreakyCones+-+Ice+Cream,+Waffles+%26+Matcha/data=!4m2!3m1!1s0x31da194e385c8751:0x7c91d25032de1fcb",,,1.2835545,103.8459273
36,Cendra Tapas Bar and Grill,"Western, $40, 2h",https://www.google.com/maps/place/Cendra+Tapas+Bar+and+Grill/data=!4m2!3m1!1s0x31da19a5b61d265d:0xd19da08a09e1a6d8,,,1.2824539,103.8472139
37,CAFE KREAMS,"Cafe, $10, 1h",https://www.google.com/maps/place/CAFE+KREAMS/data=!4m2!3m1!1s0x31da194dacb77d33:0x1820e46d1b3dc858,,,1.2775235,103.84632
38,Brothers Ramen,"Japanese, $20, 1.5h",https://www.google.com/maps/place/Brothers+Ramen/data=!4m2!3m1!1s0x31da19136a00c9f5:0x1a5e0115b10c183d,,,1.2759579,103.8462151
39,Salt & Soul,"Western, $30, 1h",https://www.google.com/maps/place/Salt+%26+Soul/data=!4m2!3m1!1s0x31da191d7bf5e869:0x8916a65db7841550,,,1.2785132,103.8473369
40,UM YONG BAEK / KOREAN BBQ - TELOK AYER,"Korean, $40, 1.5h",https://www.google.com/maps/place/UM+YONG+BAEK+%2F+KOREAN+BBQ+-+TELOK+AYER/data=!4m2!3m1!1s0x31da1942abd81e41:0x52af82f6c0885712,,,1.2828842,103.848821
41,Asian Civilisations Museum,"Museum, $0, 1h",https://www.google.com/maps/place/Asian+Civilisations+Museum/data=!4m2!3m1!1s0x31da190999a193a1:0x20a06ca9bcdf127a,,,1.2874969,103.8513861
42,ArtScience Museum,"Museum, $25, 2h",https://www.google.com/maps/place/ArtScience+Museum/data=!4m2!3m1!1s0x31da19042950679d:0x81c847e129eec549,,,1.2862738,103.8592663
43,Messina,"Cafe, $15, 0.5h",https://www.google.com/maps/place/Messina/data=!4m2!3m1!1s0x31da190076ebb5c5:0xd1fdddee3b9cdcc9,,,38.1937342,15.5542088
44,Hamburg Steak Keisuke,"Japanese, $20, 2h",https://www.google.com/maps/place/Hamburg+Steak+Keisuke/data=!4m2!3m1!1s0x31da196cd5678469:0x8a5148bf7db8e873,,,1.2772098,103.8447572
45,Five Oars Coffee Roasters Heritage,"Cafe, $10, 1h",https://www.google.com/maps/place/Five+Oars+Coffee+Roasters+Heritage/data=!4m2!3m1!1s0x31da19175e4c7367:0xe7d40b81ff908ff5,,,1.2789557,103.8440049
46,Noodle Star K @ Tanjong Pagar,"Korean, $20, 1.5h",https://www.google.com/maps/place/Noodle+Star+K+@+Tanjong+Pagar/data=!4m2!3m1!1s0x31da19e985878021:0x34a7ce33c59c1d57,,,1.2790721,103.8438054
47,Creamier Handcrafted Ice Cream and Coffee (Tiong Bahru),"Cafe, $15, 1h",https://www.google.com/maps/place/Creamier+Handcrafted+Ice+Cream+and+Coffee+(Tiong+Bahru)/data=!4m2!3m1!1s0x31da197a52a7e699:0xc041ade54980faa5,,,1.2828794,103.8303658
48,DOPA DOPA (South Bridge Rd),"Cafe, $10, 1h",https://www.google.com/maps/place/DOPA+DOPA+(South+Bridge+Rd)/data=!4m2!3m1!1s0x31da19d45f0f3d4b:0x5f2e6bc59b3b37bd,,,1.2878015,103.8486502
49,Hello Arigato Everton Park,"Cafe, $10, 0.5h",https://www.google.com/maps/place/Hello+Arigato+Everton+Park/data=!4m2!3m1!1s0x31da19b976a28685:0xb5c438cbf6c7826,,,1.2768625,103.8400932
50,TEMPT,"Western, $100, 2h",https://www.google.com/maps/place/TEMPT/data=!4m2!3m1!1s0x31da191f955acec7:0xcce78611ae92dd9c,,,36.8591552,-75.9823677
51,The Populus,"Cafe, $30, 1h",https://www.google.com/maps/place/The+Populus/data=!4m2!3m1!1s0x31da196db97648e3:0x3b53f4f43ac0f403,,,1.2782503,103.8406393
52,Bonjour Ma Cuisine,"French, $30, 1h",https://www.google.com/maps/place/Bonjour+Ma+Cuisine/data=!4m2!3m1!1s0x31da19e61f08563f:0x5480b74e8db66054,,,1.2782117,103.8420005
53,Birds of Paradise Gelato Boutique (Craig),"Cafe, $10, 0.5h",https://www.google.com/maps/place/Birds+of+Paradise+Gelato+Boutique+(Craig)/data=!4m2!3m1!1s0x31da1991d139fd97:0xe3fc86d12d611868,,,1.2777648,103.8422779
54,National Gallery Singapore,"Museum, $0, 2h",https://www.google.com/maps/place/National+Gallery+Singapore/data=!4m2!3m1!1s0x31da19a747de0c15:0xe5639e25fabece80,,,1.2902217,103.8515167
55,Station by Kotuwa,"Dinner, $50, 2h",https://www.google.com/maps/place/Station+by+Kotuwa/data=!4m2!3m1!1s0x31da196aa2cab63b:0x923ccee05a0687b3,,,1.2814005,103.8485518
56,National Museum of Singapore,"Museum, $0, 2h",https://www.google.com/maps/place/National+Museum+of+Singapore/data=!4m2!3m1!1s0x31da19a311be5b0f:0x92e311597c4db868,,,1.296613,103.8485091
57,The House Bar,"Bar, $30, 1.5h",https://www.google.com/maps/place/The+House+Bar/data=!4m2!3m1!1s0x31da197a81f146cf:0xfce55cab6c03c7c,,,1.3046549,103.8249313
58,Keef The Beef Bungalow,"Western, $100, 2h",https://www.google.com/maps/place/Keef+The+Beef+Bungalow/data=!4m2!3m1!1s0x31da1b252354612d:0x5b319b660baf6047,,,1.3045767,103.787518
59,Burnt Cones Gelato (Sunset Way),"Cafe, $15, 0.5h",https://www.google.com/maps/place/Burnt+Cones+Gelato+(Sunset+Way)/data=!4m2!3m1!1s0x31da1b5f46d0ce2b:0xb08bce57c9280de3,,,1.3223786,103.7701533
60,Citrus Kitchen,"Western, $30, 2h",https://www.google.com/maps/place/Citrus+Kitchen/data=!4m2!3m1!1s0x31da1b223f1bd3bf:0x13d273dc45c0b5a7,,,1.2881638,103.7830724
61,Hvala 111 Somerset,"Cafe, $20, 1h",https://www.google.com/maps/place/Hvala+111+Somerset/data=!4m2!3m1!1s0x31da19043e28ca35:0x9c40d9c5f9a28732,,,1.3003565,103.8379819
62,Universal Studios Singapore,"Theme park, $60, 5h",https://www.google.com/maps/place/Universal+Studios+Singapore/data=!4m2!3m1!1s0x31da1955a615a343:0x3094037d34e6529f,,,1.2540421,103.8238084
63,Genki Sushi 313@somerset,"Japanese, $30, 1h",https://www.google.com/maps/place/Genki+Sushi+313@somerset/data=!4m2!3m1!1s0x31da19dc20287abd:0x62b30f7ab0f1fa9f,,,1.3009665,103.8384727
64,Adventure Cove Waterpark,"Theme Park, $50, 4h",https://www.google.com/maps/place/Adventure+Cove+Waterpark/data=!4m2!3m1!1s0x31da1bfdc5e1404b:0x3062eba361bde102,,,1.2587643,103.8196847
65,Mega Adventure - Singapore,"Theme Park, $30, 2h",https://www.google.com/maps/place/Mega+Adventure+-+Singapore/data=!4m2!3m1!1s0x31da1bfbef3a1ba7:0x4473f101106492d6,,,1.2559413,103.8122967
66,Gwanghwamun Mijin,"Korean, $20, 1.5h",https://www.google.com/maps/place/Gwanghwamun+Mijin/data=!4m2!3m1!1s0x31da199e0badf3d5:0x8cb9d5aa15a0b2fa,,,1.2831505,103.8488031
67,Wild Wild Wet,"Theme Park, $50, 4h",https://www.google.com/maps/place/Wild+Wild+Wet/data=!4m2!3m1!1s0x31da3db15183fc2b:0xb94e26060c533c72,,,1.3775946,103.9544243
68,Maxwell MRT Station (TE18),,https://www.google.com/maps/place/Maxwell+MRT+Station+(TE18)/data=!4m2!3m1!1s0x31da195f6353ba9f:0x18dfd56fcbfc1f96,,,1.2806891,103.8440869
69,APT - A Place To • Coffee • Cocktail,"Bar, $25, 1h",https://www.google.com/maps/place/APT+-+A+Place+To+%E2%80%A2+Coffee+%E2%80%A2+Cocktail/data=!4m2!3m1!1s0x31da195aad198bc7:0x7ae2e81a99c24d9,,,1.2782322,103.8438523
70,Somerset MRT Station (NS23),,https://www.google.com/maps/place/Somerset+MRT+Station+(NS23)/data=!4m2!3m1!1s0x31da19b67f915e05:0x343c6b716e8bc4ae,,,1.300584,103.8385369
71,Promenade MRT Station (DT15),,https://www.google.com/maps/place/Promenade+MRT+Station+(DT15)/data=!4m2!3m1!1s0x31da1948f471afa9:0xddf4adbe6dc2289f,,,1.2940337,103.860359
72,Tanjong Pagar MRT Station (EW15),,https://www.google.com/maps/place/Tanjong+Pagar+MRT+Station+(EW15)/data=!4m2!3m1!1s0x31da19f987ed1cf1:0x468960d027d93cd3,,,1.2767709,103.8451658
73,Outram Park MRT Station (EW16),,https://www.google.com/maps/place/Outram+Park+MRT+Station+(EW16)/data=!4m2!3m1!1s0x31da199c2c3270b1:0xc23769edf0d9b8a0,,,1.2814265,103.8391803
74,Clarke Quay MRT Station (NE5),,https://www.google.com/maps/place/Clarke+Quay+MRT+Station+(NE5)/data=!4m2!3m1!1s0x31da191e9a21b11b:0x91c19a30921fa39c,,,1.2881606,103.8466985
75,Dhoby Ghaut MRT Station (NS24),,https://www.google.com/maps/place/Dhoby+Ghaut+MRT+Station+(NS24)/data=!4m2!3m1!1s0x31da192496d12c91:0xc3903b2648d2caa5,,,1.2986545,103.8464611
76,Telok Ayer MRT Station (DT18),,https://www.google.com/maps/place/Telok+Ayer+MRT+Station+(DT18)/data=!4m2!3m1!1s0x31da190db5044313:0xbd83a75c5c5f0c82,,,1.2817668,103.8489192
77,Bugis MRT Station (EW12),,https://www.google.com/maps/place/Bugis+MRT+Station+(EW12)/data=!4m2!3m1!1s0x31da199daaffbbbf:0x288968dd25ae56e3,,,1.2993154,103.8551853
78,Science Centre Singapore,"Museum, $10, 2h",https://www.google.com/maps/place/Science+Centre+Singapore/data=!4m2!3m1!1s0x31da1004147cad63:0x18e02380e45f8dce,,,1.3331687,103.7356443
79,MUSEUM OF ICE CREAM SINGAPORE,"Museum, $50, 3h",https://www.google.com/maps/place/MUSEUM+OF+ICE+CREAM+SINGAPORE/data=!4m2!3m1!1s0x31da1b355492a4ff:0x9d4acefb3db83467,,,1.352083,103.819836
80,Good Bites,"Cafe, $30, 2h",https://www.google.com/maps/place/Good+Bites/data=!4m2!3m1!1s0x31da172a10a45b51:0x80558c3ee2c43396,,,41.6293073,-73.6967281
81,Dumpling Darlings,"Chinese, $20, 1h",https://www.google.com/maps/place/Dumpling+Darlings/data=!4m2!3m1!1s0x31da192966f0f017:0x551bf09b78c8ecc0,,,1.2874809,103.8487652
82,La Table d’Emma,"French, $60, 1.5h",https://www.google.com/maps/place/La+Table+d%E2%80%99Emma/data=!4m2!3m1!1s0x31da19001e6b38f3:0x38d0fb575344aa0d,,,1.2829829,103.8468773
83,Scarpetta,"Italian, $50, 2h",https://www.google.com/maps/place/Scarpetta/data=!4m2!3m1!1s0x31da19b6ee6fb76b:0x6fd03cb7399fe9bb,,,40.74458180000001,-73.9856202
84,Suju Masayuki Mandarin Gallery,"Japanese, $50, 1.5h",https://www.google.com/maps/place/Suju+Masayuki+Mandarin+Gallery/data=!4m2!3m1!1s0x31da199173123853:0xc0b2f77ca5b9272f,,,1.3021058,103.836588
85,Le Ruby Ice Cream Cafe & Bakery,"Cafe, $20, 0.5h",https://www.google.com/maps/place/Le+Ruby+Ice+Cream+Cafe+%26+Bakery/data=!4m2!3m1!1s0x31da17114cf93ff1:0x8820ae6c6a67cb15,,,1.3345245,103.8494652
86,Woofie's Warehouse Thrift Store Haji Lane,"Thrift, $30, 0.5h",https://www.google.com/maps/place/Woofie's+Warehouse+Thrift+Store+Haji+Lane/data=!4m2!3m1!1s0x31da19ba57156de1:0x6acb8769eb108aad,,,1.3014983,103.8582975
87,THE CARTEL'S VINTAGE STORE,"Thrift, $50, 0.5h",https://www.google.com/maps/place/THE+CARTEL'S+VINTAGE+STORE/data=!4m2!3m1!1s0x31da19a9b6711b3d:0xe819565b59b1d77b,,,1.301061,103.8589726
88,The Plump Frenchman,"French, $80, 2h",https://www.google.com/maps/place/The+Plump+Frenchman/data=!4m2!3m1!1s0x31da19e621a3a443:0x6256679834e5912c,,,1.2995094,103.8565633
89,New2U by SCWO,"Thrift, $20, 0.5h",https://www.google.com/maps/place/New2U+by+SCWO/data=!4m2!3m1!1s0x31da19bb419a99eb:0xd67c9b3776d7dc2c,,,1.2995559,103.8515784
90,Cherry Thrift Shop,"Thrifting, $40, 0.5h",https://www.google.com/maps/place/Cherry+Thrift+Shop/data=!4m2!3m1!1s0x31da194a5215b14f:0x5fe12e4895c02011,,,1.2922871,103.8508504
