Title,Singapore Art Museum at Tanjong Pagar Distripark,Moon Rooftop Bar & Lounge Pte. Ltd.,ALLY Singapore - Maxwell,Revolution Tanjong Pagar,R10T,Lab Studios - Stanley Street | Pilates & Barre,Absolute Boutique Fitness Studio @ Raffles Place,ALLY Singapore - Cross Street,"Love, Bonito Funan - Women's Fashion & Clothing",Angel Republic,bookstore bommoi,Books Kinokuniya Singapore Main Store,Littered with Books,The Bookstore by Books Beyond Borders,Sparkle Please | Crystal Workshops SG,The Telegraph by Olivia,L'éclair Pâtisserie (Café),Ah Chew Desserts,DORS at Design Orchard,The Pinnacle Sky Garden 50th Storey Skybridge,"TRIFECTA - Surf, Snow, Skate in Orchard Road",Fort Canning Centre,GX-5 Extreme Swing,NearesTTen Curated Thrift Store,A_Livehouse,Kyuukei Coffee | Maxwell,SuperPark Singapore,SBCD Korean Tofu House (Millenia Walk),Paperbakes @ Raffles City,Shu Yan Sichuan Cuisine,Bullock Cart Coffee (Chinatown),The Trend cafe-bistro,"FreakyCones - Ice Cream, Waffles & Matcha",Cendra Tapas Bar and Grill,CAFE KREAMS,Brothers Ramen,Salt & Soul,UM YONG BAEK / KOREAN BBQ - TELOK AYER,Asian Civilisations Museum,ArtScience Museum,Hamburg Steak Keisuke,Five Oars Coffee Roasters Heritage,Noodle Star K @ Tanjong Pagar,Creamier Handcrafted Ice Cream and Coffee (Tiong Bahru),DOPA DOPA (South Bridge Rd),Hello Arigato Everton Park,The Populus,Bonjour Ma Cuisine,Birds of Paradise Gelato Boutique (Craig),National Gallery Singapore,Station by Kotuwa,National Museum of Singapore,The House Bar,Keef The Beef Bungalow,Burnt Cones Gelato (Sunset Way),Citrus Kitchen,Hvala 111 Somerset,Universal Studios Singapore,Genki Sushi 313@somerset,Adventure Cove Waterpark,Mega Adventure - Singapore,Gwanghwamun Mijin,Wild Wild Wet,Maxwell MRT Station (TE18),APT - A Place To • Coffee • Cocktail,Somerset MRT Station (NS23),Promenade MRT Station (DT15),Tanjong Pagar MRT Station (EW15),Outram Park MRT Station (EW16),Clarke Quay MRT Station (NE5),Dhoby Ghaut MRT Station (NS24),Telok Ayer MRT Station (DT18),Bugis MRT Station (EW12),Science Centre Singapore,MUSEUM OF ICE CREAM SINGAPORE,Dumpling Darlings,La Table d’Emma,Suju Masayuki Mandarin Gallery,Le Ruby Ice Cream Cafe & Bakery,Woofie's Warehouse Thrift Store Haji Lane,THE CARTEL'S VINTAGE STORE,The Plump Frenchman,New2U by SCWO,Cherry Thrift Shop
Singapore Art Museum at Tanjong Pagar Distripark,,16.83333333,23.43333333,14.01666667,14.66666667,15.13333333,25.13333333,17.6,23.8,19.9,21.28333333,35.33333333,21.35,17.16666667,19.3,25.4,33.25,26.13333333,39.7,16.71666667,36.26666667,28.63333333,22.93333333,25.33333333,24.2,16.98333333,29.55,27.38333333,27.56666667,19.81666667,22.61666667,21.96666667,19.53333333,20.95,23.15,19.86666667,14.08333333,19.15,23.88333333,27.7,21.06666667,21.46666667,13.81666667,23.98333333,23.81666667,18.15,18.08333333,19.2,18.36666667,26.7,17.86666667,25.96666667,34.41666667,46.43333333,55.88333333,34.06666667,33.53333333,28.3,34.66666667,26.65,33.11666667,19.28333333,69.13333333,14.68333333,20.3,33.33333333,26.31666667,20.86666667,15.86666667,20.15,30.35,17.31666667,27.96666667,63.6,84.93333333,24.43333333,21.11666667,39.26666667,56.16666667,30.16666667,28.73333333,28.51666667,31.6,29.68333333
Moon Rooftop Bar & Lounge Pte. Ltd.,16.78333333,,9.35,9.05,8.7,11.38333333,11,15.46666667,17.2,16.86666667,12.81666667,24.95,11.13333333,13.26666667,7.516666667,13.83333333,18.51666667,18.36666667,24.3,10.05,22.13333333,22.01666667,16.31666667,18.53333333,16.63333333,13.11666667,17.98333333,16.81666667,16.78333333,13.2,16,19.53333333,17.43333333,15.86666667,7.116666667,3.833333333,9.116666667,15.98333333,13.31666667,14.13333333,6.983333333,9.683333333,9.916666667,21.76666667,19.1,13.61666667,12.5,10.28333333,9.45,18.46666667,14.11666667,16.4,24.03333333,29.05,43.11666667,36.93333333,19.4,29.36666667,20.53333333,27.71666667,34.18333333,16.73333333,55,12.86666667,8.516666667,19.2,15.75,6.716666667,9.85,13.53333333,18.7,14.85,19.11666667,43.58333333,74.55,17.8,17.31666667,24.51666667,36.71666667,20.76666667,18.16666667,17.3,23.96666667,15.55
ALLY Singapore - Maxwell,15.63333333,9.05,,7.766666667,9.366666667,10.06666667,9.383333333,13.43333333,15.58333333,10.76666667,9.016666667,18.36666667,6.9,6.683333333,4.766666667,21.88333333,20.95,16.75,24.33333333,14.3,20.51666667,25.53333333,16.03333333,12.2,20.41666667,6.533333333,24.33333333,21.28333333,15.16666667,17.01666667,15.81666667,13.2,11.11666667,11.45,5.05,8.216666667,7.7,14,16.8,26.6,2.35,6.516666667,6.75,20.11666667,17.48333333,14.85,10.46666667,7.516666667,6.683333333,16.85,12.33333333,21.5,17.45,27.4,41.46666667,42.23333333,17.78333333,31.66666667,18.91666667,30.01666667,36.48333333,14.76666667,53.38333333,6.3,5.75,17.58333333,20.71666667,3.15,8.2,16.46666667,17.08333333,13.66666667,17.5,41.93333333,67.96666667,16.18333333,12.56666667,22.3,35.1,19.15,20.75,15.68333333,21.98333333,13.93333333
Revolution Tanjong Pagar,15.95,9,7.95,,3.166666667,3.233333333,10.18333333,7.3,16.38333333,8.883333333,11.71666667,21.36666667,9.6,7.366666667,8.15,21.25,21.21666667,18.65,25.03333333,18.95,21.6,24.95,18.51666667,12.01666667,12.3,7.233333333,21.5,15.31666667,15.96666667,11.86666667,15.41666667,12.85,10.75,7.883333333,3.416666667,5.45,0.066666667,8,17.6,20.63333333,5.766666667,9.566666667,9.45,20.93333333,17.96666667,19.48333333,13.86666667,10.9,10.06666667,17.65,5.966666667,16.46666667,20.45,28.21666667,42.28333333,43.05,18.86666667,31.98333333,20,30.33333333,36.8,8.783333333,54.18333333,8.983333333,9.15,18.66666667,14.75,6.766666667,9.016666667,16.51666667,18.96666667,6.683333333,18.3,42.75,70.96666667,16.65,9.333333333,25.3,36.18333333,19.81666667,21.46666667,17.76666667,16.01666667,14.73333333
R10T,13.93333333,8.8,9.683333333,3.283333333,,3.266666667,12.95,7.25,16.68333333,9.516666667,11.5,19.35,11.35,8,9.9,10.3,20.65,13.03333333,23.65,18.86666667,20.21666667,25.71666667,19.28333333,12.63333333,14.1,7.85,14.45,16.05,16.26666667,12.63333333,16.05,13.46666667,11.38333333,8.5,5,5.25,3.333333333,8.616666667,10.78333333,12.6,7.516666667,11.31666667,11.2,21.23333333,18.05,14.78333333,15.61666667,12.65,11.81666667,17.95,6,17.23333333,18.43333333,28.51666667,42.58333333,40.73333333,17.48333333,29.96666667,18.61666667,28.31666667,34.78333333,9.383333333,54.48333333,7.65,10.88333333,17.28333333,15.48333333,8.616666667,9.316666667,17.28333333,16.78333333,6.633333333,18.6,43.05,68.95,16.75,9.966666667,23.28333333,34.8,20.25,15.63333333,16.78333333,16.78333333,15.03333333
Lab Studios - Stanley Street | Pilates & Barre,16.06666667,11.46666667,10.36666667,3.35,3.283333333,,11.38333333,4.883333333,18.83333333,7.166666667,11.85,20.76666667,9.733333333,6.5,10.56666667,18.71666667,18.68333333,16.11666667,23.41666667,19.08333333,19.98333333,22.41666667,15.98333333,9.55,13.53333333,6.35,18.96666667,12.78333333,18.41666667,9.333333333,13.11666667,10.58333333,8.766666667,6.133333333,5.85,7.9,3.416666667,5.5,17.91666667,18.1,8.183333333,9.7,9.6,23.4,15.46666667,19.61666667,15.25,13.31666667,12.5,20.1,2.733333333,13.93333333,19.85,30.68333333,44.75,42.86666667,17.25,38.06666667,18.38333333,36.41666667,42.88333333,6.25,56.63333333,9.033333333,10.76666667,17.05,12.21666667,9.183333333,11.48333333,13.98333333,16.43333333,5.083333333,17.4,45.21666667,70.36666667,14.15,7.216666667,23.55,34.56666667,17.28333333,18.93333333,15.23333333,13.48333333,17.18333333
Absolute Boutique Fitness Studio @ Raffles Place,24.6,10.78333333,9.333333333,10,10.15,11.35,,8.233333333,8.533333333,12.08333333,14.53333333,14.88333333,12.46666667,13.46666667,9.183333333,14.83333333,10.9,9.7,13.9,16.58333333,10.46666667,17.7,15.38333333,13.83333333,13.36666667,13.31666667,17.28333333,17.36666667,8.116666667,14.85,13.1,13.13333333,14.01666667,11.6,8.083333333,7.216666667,10.06666667,8.816666667,8.266666667,22.68333333,7.05,11.01666667,11.25,17.08333333,10.28333333,16.25,12.93333333,11.95,11.11666667,11.58333333,10.03333333,11.73333333,19.15,24.36666667,38.43333333,39.2,7.733333333,35.06666667,8.866666667,33.41666667,39.88333333,8.75,46.33333333,10.16666667,10.18333333,7.533333333,16.8,6.2,5.166666667,13.63333333,7.033333333,7.95,10.45,38.9,69.66666667,8.983333333,11.75,14.03333333,25.05,12.1,13.7,8.633333333,17.76666667,6.883333333
ALLY Singapore - Cross Street,17.63333333,15.51666667,13.68333333,7.4,7.266666667,4.883333333,8.266666667,,16.31666667,3.883333333,12.96666667,21.28333333,12.03333333,8.416666667,14.08333333,15.1,14.73333333,12.5,20.3,20.2,16.86666667,18.46666667,12.03333333,5.6,16.85,8.683333333,15.35,9.166666667,14.51666667,5.383333333,9.216666667,6.633333333,5.1,3.383333333,9.166666667,11.95,7.4,1.55,14.56666667,14.48333333,11.51666667,12.03333333,11.9,23.48333333,12.33333333,20.75,16.4,15.38333333,16.08333333,17.88333333,2.133333333,9.983333333,20.33333333,30.76666667,44.83333333,43.43333333,14.13333333,34.11666667,15.26666667,32.46666667,38.93333333,2.316666667,52.73333333,9.516666667,13.1,13.93333333,8.6,12.51666667,11.56666667,10.03333333,12.48333333,1.483333333,13.78333333,45.3,70.85,10.21666667,3.55,20.43333333,31.45,13.66666667,15.31666667,11.61666667,9.533333333,13.28333333
"Love, Bonito Funan - Women's Fashion & Clothing",18,16.95,15.5,16.16666667,16.31666667,18.5,8.5,16.15,,7.6,6.466666667,17.05,7.9,7.683333333,6.9,18.55,13.06666667,11.86666667,16.06666667,12.23333333,12.63333333,12.5,7.1,13.6,16.05,7.9,19.38333333,16.55,8.983333333,14.43333333,12.68333333,7.216666667,5.883333333,8.916666667,14.25,13.38333333,16.23333333,14.56666667,8.016666667,30.41666667,13.21666667,9.283333333,9.45,23.25,5.616666667,12.3,8.4,8.216666667,9.333333333,5.633333333,17.38333333,13.38333333,21.66666667,30.53333333,44.6,45.36666667,9.9,37.41666667,11.03333333,35.76666667,42.23333333,7.933333333,48.5,7.516666667,8.116666667,9.7,15.95,12.36666667,11.33333333,9.35,9.2,14.5,12.61666667,45.06666667,70.23333333,6.233333333,7.383333333,16.2,27.21666667,14.26666667,15.86666667,10.8,19.21666667,3.533333333
Angel Republic,16.63333333,16.85,10.93333333,8.866666667,9.4,7.05,11.96666667,3.733333333,16.08333333,,9.1,17.38333333,8.166666667,4.566666667,10.21666667,16.98333333,17.48333333,14.38333333,23.35,16.33333333,20.56666667,21.21666667,14.78333333,4.216666667,18.73333333,4.833333333,17.23333333,11.05,19.4,8.3,7.066666667,4.5,2.4,1.016666667,10.68333333,13.28333333,8.816666667,4.316666667,18.16666667,16.36666667,10.66666667,8.166666667,8.033333333,24.6,10.2,16.86666667,12.53333333,11.51666667,12.21666667,18.55,4.616666667,12.73333333,16.46666667,29.91666667,48.43333333,41.46666667,17.83333333,31.91666667,18.96666667,30.26666667,36.73333333,5.066666667,56.43333333,5.65,9.233333333,17.63333333,10.48333333,11.51666667,7.866666667,8.466666667,15.23333333,3.983333333,15.66666667,44.45,66.98333333,10.55,1.366666667,21.31666667,35.15,15.55,17.2,13.5,12.28333333,16.98333333
bookstore bommoi,20.83333333,12.25,8.766666667,11.23333333,10.98333333,11.56666667,14.06666667,12.38333333,12.31666667,8.616666667,,15.11666667,1.75,5.9,5.083333333,26.56666667,19.65,21.43333333,21.08333333,7.233333333,21.93333333,17.15,17.28333333,8.1,25.1,6.1,25.88333333,19.7,19.85,12.75,12.93333333,10.35,8.266666667,9.666666667,8.516666667,11.95,11.16666667,12.95,21.48333333,24.63333333,7.366666667,3.033333333,2.866666667,20.81666667,16.08333333,7.783333333,3.4,2.416666667,3.116666667,21.53333333,12.83333333,18.45,14.2,28.1,44.25,41.1,18.5,31.55,19.61666667,29.9,36.36666667,14.3,58.06666667,3.033333333,4.1,18.28333333,19.13333333,7.983333333,5.6,12.1,16.75,12.61666667,22.18333333,42.63333333,64.71666667,16.43333333,9.75,19.05,31.75,23.83333333,25.43333333,20.36666667,18,18.61666667
Books Kinokuniya Singapore Main Store,35.13333333,24.63333333,18.31666667,21.28333333,19.11666667,21.26666667,14.96666667,21.25,17.16666667,17.1,15.31666667,,14.76666667,14.38333333,16.88333333,24.61666667,15.53333333,21.33333333,7.35,22.1,9.9,22.33333333,20.16666667,17.03333333,22,14.61666667,20.38333333,17.43333333,16.75,21.43333333,21.41666667,18.83333333,16.75,18.15,18.06666667,21.5,21.33333333,21.7,22.38333333,32.76666667,18.05,14.85,14.63333333,24.31666667,16.03333333,22.06666667,18.75,17.73333333,18.45,18.43333333,22.05,16.36666667,11.48333333,28.93333333,38.46666667,52.78333333,8.816666667,40.85,11.13333333,39.2,45.66666667,21.65,57.96666667,11.51666667,15.9,9.8,15.88333333,18.9,11.9,18.4,11.66666667,20.96666667,22.08333333,48.48333333,62,21.76666667,18.2,5.3,23.68333333,23.73333333,25.33333333,20.26666667,15.16666667,15.51666667
Littered with Books,14.65,10.85,6.85,9.3,10.9,9.65,12.68333333,11.66666667,11.81666667,7.916666667,2.05,14.78333333,,5.183333333,3.333333333,25.18333333,21.65,20.05,20.75,9.95,21.6,16.65,10.95,8.616666667,23.71666667,5,25.16666667,18.98333333,18.46666667,13.45,12.21666667,9.633333333,7.55,8.95,6.583333333,10.03333333,9.25,12.25,20.1,24.28333333,5.566666667,1.283333333,1.1,22,15.38333333,10.48333333,6.116666667,5,4.416666667,20.15,10.91666667,18.21666667,13.86666667,27.31666667,45.86666667,43.1,18.16666667,33.55,19.28333333,31.9,38.36666667,13.58333333,56.68333333,2.7,2.35,17.95,18.41666667,6.45,5.266666667,14.1,18.75,11.9,20.8,41.85,64.38333333,15.73333333,9.05,18.71666667,31.41666667,22.45,24.05,18.98333333,17.76666667,17.23333333
The Bookstore by Books Beyond Borders,13.68333333,12.96666667,6.65,7.433333333,7.966666667,6.45,13.46666667,8.066666667,18.6,4.316666667,6.133333333,14.41666667,5.216666667,,7.25,21.31666667,17.86666667,18.71666667,20.38333333,13.36666667,21.23333333,25.55,15.5,6.066666667,23.06666667,0.866666667,21.56666667,15.38333333,19.25,10.83333333,9.6,7.016666667,4.933333333,5.35,6.4,9.833333333,7.366666667,8.633333333,20.7,20.7,6.383333333,5.216666667,5.066666667,21.63333333,12.73333333,13.91666667,9.583333333,8.55,9.266666667,21.08333333,7.7,17.06666667,13.5,26.95,48.31666667,43.31666667,17.8,33.76666667,18.91666667,32.11666667,38.58333333,9.4,57.46666667,2.683333333,6.266666667,17.58333333,14.81666667,7.233333333,4.9,10.31666667,14.96666667,8.3,20,41.48333333,64.01666667,13.06666667,5.716666667,18.35,31.05,19.88333333,21.53333333,17.83333333,16.61666667,18.01666667
Sparkle Please | Crystal Workshops SG,11.1,7.516666667,4.983333333,8.183333333,9.783333333,10.48333333,9.433333333,14,15.63333333,10.25,5.666666667,17.11666667,3.616666667,7.516666667,,21.93333333,21,16.8,23.08333333,10.28333333,20.56666667,16.73333333,11.03333333,11.01666667,20.46666667,7.333333333,24.38333333,21.31666667,15.21666667,7.916666667,14.61666667,12.01666667,9.916666667,11.28333333,5.466666667,8.65,8.116666667,14.41666667,16.85,26.61666667,2.633333333,2.166666667,2.316666667,20.16666667,11.91666667,10.81666667,6.45,3.483333333,2.666666667,16.9,12.75,21.55,16.2,27.45,41.51666667,42.28333333,17.83333333,27.13333333,18.96666667,25.48333333,31.95,15.93333333,53.43333333,5.033333333,1,17.63333333,20.75,3.233333333,7.6,8.25,17.13333333,14.25,17.55,41.98333333,66.71666667,16.23333333,11.38333333,21.05,35.15,19.2,20.8,15.73333333,20.13333333,13.98333333
The Telegraph by Olivia,21.1,23.4,21.95,21.45,12.91666667,18.85,14.95,14.9,8.866666667,17.8,16.86666667,24.81666667,25.08333333,22.33333333,21.8,,19.05,6.366666667,23.83333333,23.76666667,20.4,25.85,25.38333333,18.95,14.23333333,22.6,9.233333333,12.13333333,10.53333333,18.73333333,21.53333333,18.25,18.66666667,17.31666667,20.7,19.83333333,21.4,15.48333333,21.86666667,21.68333333,19.66666667,23.63333333,23.86666667,29.7,11.25,24.15,25.55,24.56666667,23.73333333,16.86666667,16.11666667,17.18333333,27.55,36.98333333,47.01666667,51.06666667,17.66666667,36.13333333,18.8,34.48333333,40.95,16.23333333,50.95,23.45,22.8,17.46666667,11.56666667,18.81666667,17.78333333,20.23333333,14.93333333,15.46666667,9.866666667,51.51666667,65.3,12.91666667,17.46666667,23.96666667,28.16666667,10.03333333,9.25,6.433333333,14.83333333,15.5
L'éclair Pâtisserie (Café),33.36666667,22.16666667,20.71666667,20.6,20.38333333,18,10.71666667,14.38333333,12.91666667,16.41666667,20.08333333,15.26666667,21.96666667,17.91666667,20.56666667,18.9,,19.26666667,13.46666667,21.26666667,9.716666667,12.56666667,13.21666667,11.6,18.15,18.18333333,18.4,14.9,13.48333333,13.96666667,16.76666667,13.65,15.03333333,15.91666667,19.46666667,18.6,20.55,14.96666667,18.13333333,27.01666667,18.43333333,20.55,20.38333333,19.93333333,14.1,20.3,17.55,19.8,20.5,14.18333333,15.26666667,10.05,14.55,35.75,43.33333333,44.96666667,8.116666667,35.41666667,9.25,33.76666667,40.23333333,15.71666667,53.71666667,18,21.56666667,7.916666667,14.3,17.58333333,14.78333333,7.966666667,5.716666667,14.61666667,17.83333333,50.28333333,70.4,14.71666667,16.08333333,14.8,25.43333333,21.28333333,22.28333333,16.01666667,14.53333333,11.26666667
Ah Chew Desserts,23.06666667,18.16666667,16.71666667,18.76666667,17.53333333,16.16666667,9.716666667,12.21666667,6.833333333,15.11666667,11.53333333,18.03333333,14.6,12.75,11.96666667,6.25,11.15,,16.93333333,19.8,13.46666667,16.48333333,7.966666667,16.26666667,15.41666667,12.96666667,10.45,9.683333333,10.15,16.05,18.85,15.56666667,15.98333333,14.63333333,15.46666667,14.6,18.71666667,12.8,17.13333333,19,14.43333333,14.35,14.51666667,24.46666667,9.216666667,23.63333333,20.31666667,19.33333333,18.5,13.18333333,13.43333333,20.65,24.86666667,31.75,45.81666667,46.58333333,14.11666667,39.1,15.25,37.45,43.91666667,13.55,45.71666667,12.58333333,13.18333333,13.91666667,9.116666667,13.58333333,12.55,17.55,16.15,12.78333333,7.416666667,46.28333333,64.55,10.88333333,14.78333333,17.15,27.41666667,7.583333333,9.233333333,3.133333333,11.61666667,10.26666667
DORS at Design Orchard,35.06666667,25.06666667,24.78333333,24.71666667,23.28333333,23,13.61666667,19.9,10.41666667,16.58333333,21.78333333,7.85,21.23333333,20.85,23.35,12.68333333,13.45,15.58333333,,22.76666667,8.966666667,15.18333333,15.93333333,19.71666667,20.65,21.08333333,16.15,13.2,15.4,17.2,20,19.13333333,14.11666667,17.2,22.36666667,21.5,24.78333333,20.35,21.03333333,26.16666667,21.33333333,21.31666667,21.1,22.98333333,11.8,23.73333333,19.11666667,24.2,24.91666667,17.08333333,21.68333333,10.08333333,12.35,31.6,41.13333333,49.45,5.85,45.05,6.216666667,43.4,49.86666667,20.3,56.61666667,17.98333333,22.36666667,6.416666667,11.65,20.48333333,18.36666667,15.51666667,10.31666667,19.61666667,12.96666667,53.18333333,68.46666667,16.86666667,15.65,2.283333333,26.28333333,19.5,20.5,15.15,10.93333333,14.16666667
The Pinnacle Sky Garden 50th Storey Skybridge,15.95,9.266666667,13.71666667,18.21666667,8.816666667,18.55,15.78333333,19.35,21.98333333,15.6,6.983333333,21.45,9.516666667,12.88333333,9.466666667,17.55,20.38333333,23.15,27.41666667,,26.91666667,27.18333333,18.01666667,12.46666667,20.35,13.08333333,21.7,26.35,21.56666667,14.83333333,17.63333333,14.51666667,15.23333333,16.65,15.5,13.11666667,18.15,19.93333333,23.2,23.16666667,11.36666667,10.78333333,10.61666667,15.13333333,18.88333333,5.283333333,4.166666667,6.416666667,7.116666667,23.25,12.76666667,23.21666667,20.53333333,29.81666667,47.81666667,37.28333333,24.18333333,32.28333333,25.31666667,30.63333333,37.1,21.28333333,59.78333333,10.01666667,10.46666667,23.98333333,25.78333333,11.96666667,10.46666667,12.83333333,17.48333333,19.6,23.9,44.35,71.05,19.51666667,16.73333333,25.38333333,38.08333333,25.55,27.15,22.08333333,22.86666667,20.33333333
"TRIFECTA - Surf, Snow, Skate in Orchard Road",34.93333333,21.95,20.5,21.6,20.16666667,19.88333333,10.5,16.78333333,12.7,20.61666667,22.75,10.51666667,22.2,21.81666667,20.35,20.15,9.866666667,16.86666667,9.333333333,27.75,,17.86666667,19.6,19.96666667,17.53333333,22.05,21.45,18.61666667,12.28333333,19.81666667,21.41666667,22.01666667,21.83333333,20.13333333,19.25,18.38333333,21.66666667,17.23333333,17.91666667,31.2,18.21666667,22.28333333,22.06666667,28.25,18.6,28.66666667,24.1,23.11666667,22.28333333,13.96666667,18.56666667,11.9,13.2,35.53333333,41.98333333,50.58333333,4.766666667,43.78333333,7.083333333,42.13333333,48.6,17.18333333,53.5,18.95,21.35,5.616666667,18.01666667,17.36666667,16.33333333,16.33333333,7.2,16.5,17.61666667,50.06666667,69.43333333,17.3,20.28333333,9.366666667,23.26666667,19.26666667,20.86666667,15.8,16.55,11.05
Fort Canning Centre,29.15,25.43333333,23.98333333,22.65,23.33333333,20.05,16.41666667,16.43333333,10.96666667,18.46666667,22.36666667,14.48333333,25.58333333,23,18.05,16.2,11.46666667,20.35,19.98333333,26.96666667,16.55,,13.11666667,16.33333333,14.46666667,23.26666667,23.23333333,19.73333333,17.46666667,16.11666667,18.91666667,15.63333333,17.71666667,17.96666667,22.73333333,21.86666667,22.6,17.01666667,18.43333333,29.06666667,21.7,25.61666667,25.45,31.73333333,15.83333333,26,23.25,25.5,26.2,14.81666667,17.31666667,7.85,20.2,39.01666667,48.98333333,50.66666667,13.81666667,41.11666667,14.95,39.46666667,45.93333333,17.76666667,56.98333333,23.06666667,24.83333333,13.61666667,19.13333333,20.85,19.81666667,14.55,9.9,16.66666667,13.73333333,53.55,73.56666667,16.46666667,18.13333333,20.11666667,31.13333333,20.96666667,21.96666667,19.28333333,14.08333333,11.5
GX-5 Extreme Swing,23.58333333,17.18333333,22.68333333,18.15,18.83333333,15.55,15.6,11.93333333,7.35,13.96666667,17.83333333,15.68333333,19.71666667,15.66666667,12.48333333,14.95,13.18333333,22.58333333,22.81666667,19.01666667,14.43333333,13.55,,9.35,21.5,15.93333333,25.43333333,19.25,16.2,10.75,13.8,11.4,12.78333333,13.46666667,19.78333333,20.56666667,18.1,12.51666667,9.25,24.56666667,20.4,18.3,18.13333333,19.8,6.716666667,18.05,15.3,17.55,18.25,9.816666667,12.81666667,12.43333333,25.75,34.76666667,57.2,42.71666667,13.2,33.16666667,14.31666667,31.51666667,37.98333333,13.26666667,55.68333333,15.75,13.7,12.98333333,18.68333333,19.55,12.53333333,5.1,10.28333333,12.16666667,11.71666667,49.3,70.38333333,7.35,13.63333333,19.13333333,34.4,18.86666667,19.86666667,21.7,11.98333333,10.76666667
NearesTTen Curated Thrift Store,17.43333333,18.53333333,12.45,12.33333333,12.88333333,11.35,16.71666667,8.483333333,13.91666667,4.216666667,8.533333333,17.15,8.933333333,6.333333333,11.01666667,19,11.8,16.4,21.43333333,15.76666667,17.55,18.6,9.433333333,,20.75,6.6,19.25,13.06666667,16.7,5.8,8.516666667,5.8,3.85,5.766666667,12.18333333,15.63333333,12.28333333,9.066666667,15.6,18.38333333,12.16666667,8.966666667,8.8,23.53333333,11.71666667,12.58333333,11.96666667,10.95,11.65,15.98333333,9.383333333,10.03333333,16.23333333,30.81666667,49.23333333,37.25,14.81666667,27.7,15.95,26.05,32.51666667,9.9,60.78333333,6.416666667,10.03333333,14.61666667,12.5,13.01666667,7.633333333,4.25,8.9,8.733333333,17.68333333,45.35,66.75,12.06666667,5.383333333,21.08333333,32.13333333,17.56666667,19.21666667,15.51666667,9.583333333,16.96666667
A_Livehouse,19.86666667,14.3,20.36666667,12.83333333,10.68333333,12.81666667,13.36666667,16.71666667,16.31666667,19.61666667,20.85,21.91666667,23.5,17.56666667,20.21666667,14.23333333,18.53333333,15.41666667,20.93333333,17.33333333,17.5,25.33333333,8.633333333,20.76666667,,17.41666667,10.3,12.01666667,9.766666667,20.55,23.35,20.06666667,20.48333333,19.13333333,19.11666667,18.25,12.9,17.3,15.35,21.58333333,18.08333333,22.05,22.28333333,28.11666667,20.45,17.71666667,17.65,20.28333333,22.15,14.7,17.93333333,16.66666667,23.1,35.4,49.46666667,44.66666667,14.76666667,33.9,15.9,32.25,38.71666667,18.05,53.36666667,13.6,21.21666667,14.56666667,12.18333333,17.23333333,16.2,20.9,14.41666667,11.06666667,17.48333333,49.93333333,73.58333333,21.08333333,19.28333333,21.06666667,32.08333333,19.13333333,14.06666667,18.45,17.55,14.93333333
Kyuukei Coffee | Maxwell,13.71666667,12.75,6.45,7.233333333,7.766666667,6.233333333,13.26666667,8.266666667,18.81666667,4.533333333,5.883333333,14.6,4.683333333,0.816666667,6.733333333,21.51666667,18.03333333,18.91666667,20.56666667,13.13333333,21.41666667,19.36666667,15.66666667,6.233333333,23.26666667,,21.76666667,15.58333333,19.05,11.03333333,9.8,7.233333333,5.133333333,5.55,6.2,9.633333333,7.166666667,9.066666667,20.9,20.9,6.183333333,4.683333333,4.533333333,21.81666667,12.93333333,13.66666667,9.3,8.316666667,9.016666667,20.73333333,7.5,17.28333333,13.68333333,27.13333333,48.51666667,43.48333333,17.98333333,33.93333333,19.1,32.28333333,38.75,9.833333333,57.26666667,2.866666667,5.75,17.76666667,15.01666667,7.033333333,5.083333333,10.48333333,15.13333333,8.516666667,20.2,41.66666667,64.2,13.28333333,5.933333333,18.53333333,31.23333333,20.08333333,21.73333333,18.03333333,16.83333333,17.81666667
SuperPark Singapore,19.88333333,14.31666667,18.66666667,12.85,10.7,19.1,17.53333333,15.15,19.7,18.05,20.86666667,18.85,16.91666667,22.58333333,19.78333333,9.183333333,18.5,10.51666667,17.75,17.35,14.28333333,25.3,25.63333333,19.2,10.25,22.85,,7.9,12.31666667,18.98333333,21.78333333,18.5,18.91666667,17.56666667,13.63333333,12.88333333,12.91666667,15.73333333,15.56666667,21.93333333,17.83333333,16.98333333,16.78333333,31.75,17.95,17.73333333,17.66666667,20.3,21,18.06666667,16.36666667,16.63333333,29.18333333,39.56666667,51.26666667,44.68333333,13.05,33.91666667,14.16666667,32.26666667,38.73333333,16.48333333,55.78333333,13.61666667,20.76666667,12.83333333,7.333333333,21.4,20.36666667,20.86666667,14.38333333,15.71666667,14.7,54.1,68.96666667,24.38333333,17.71666667,17.96666667,31.83333333,14.85,14.08333333,11.25,18.5,18.31666667
SBCD Korean Tofu House (Millenia Walk),24.75,19.18333333,23.63333333,17.46666667,18.18333333,14.86666667,19.18333333,10.91666667,19.13333333,13.81666667,22.9,23.26666667,21.98333333,18.35,24.03333333,12.11666667,16.96666667,11.71666667,22.16666667,24.51666667,18.7,23.76666667,21.4,14.96666667,12,18.61666667,7.916666667,,12,14.75,17.55,14.26666667,14.68333333,13.33333333,19.1,21.85,17.41666667,11.5,22.58333333,17.7,21.45,21.98333333,21.83333333,34.83333333,21.7,24.9,25.61666667,25.81666667,26.53333333,17.58333333,12.13333333,15.1,24.66666667,38.01666667,47.03333333,51.08333333,17.78333333,43.48333333,18.91666667,41.83333333,48.3,12.25,54.3,19.46666667,23.05,17.58333333,2.5,22.45,21,19.4,12.85,11.48333333,13,56.65,70.5,20.15,13.48333333,22.38333333,35.1,12.88333333,14.53333333,10.83333333,18.9,17.76666667
Paperbakes @ Raffles City,21.65,16.61666667,15.16666667,15.83333333,15.98333333,18.16666667,8.166666667,14.45,9.066666667,18.9,12.15,16.71666667,18.3,13.36666667,15.01666667,10.33333333,12.73333333,10.01666667,15.73333333,22.41666667,12.3,19.01666667,16,16.76666667,9.6,13.58333333,12.15,8.883333333,,16.55,12.4,16.06666667,11.56666667,18.4,13.91666667,13.05,15.9,14.9,13.8,25.23333333,12.88333333,16.85,17.08333333,22.91666667,14.5,22.08333333,18.76666667,17.78333333,16.95,8.766666667,17.75,13.63333333,21.33333333,30.2,44.26666667,45.03333333,9.566666667,36.61666667,10.7,34.96666667,41.43333333,14.85,48.16666667,16,16.01666667,9.366666667,8.283333333,12.03333333,11,17.91666667,8.866666667,14.16666667,12.28333333,44.73333333,68.28333333,15.13333333,18.56666667,15.86666667,26.88333333,13.93333333,16.85,11.3,14.41666667,7.416666667
Shu Yan Sichuan Cuisine,18.76666667,12.36666667,17.36666667,11.75,12.43333333,9.15,14.98333333,5.533333333,14.7,8.433333333,13.3,17.73333333,13.85,11.18333333,7.666666667,18.78333333,14.16666667,16.18333333,23.8,15.91666667,16.48333333,18.3,10.93333333,5.833333333,20.53333333,11.45,19.03333333,12.85,16.48333333,,3.566666667,4.583333333,5.966666667,9.033333333,13.38333333,16.13333333,11.7,6.116666667,16.78333333,18.16666667,17.08333333,13.88333333,13.7,17.46666667,8.816666667,14.95,12.2,14.86666667,15.56666667,8.966666667,6.416666667,9.816666667,22.15,31.66666667,52.38333333,39.61666667,15.25,30.06666667,16.36666667,28.41666667,34.88333333,6.866666667,59.1,11.33333333,14.95,15.03333333,12.28333333,17.93333333,9.433333333,5.416666667,11.26666667,5.766666667,17.46666667,46.2,72.66666667,9.166666667,7.5,21.18333333,34.5,17.35,19,15.3,9.366666667,18.11666667
Bullock Cart Coffee (Chinatown),16.88333333,10.48333333,16.13333333,15.71666667,16.33333333,13.11666667,13.15,9.166666667,12.86666667,7.166666667,13.5,21.8,12.58333333,9.916666667,5.783333333,21.51666667,16.9,18.91666667,24.83333333,11.11666667,21.4,21.03333333,13.78333333,8.566666667,23.26666667,10.18333333,21.76666667,15.58333333,19.21666667,3.5,,6.033333333,4.7,7.766666667,15.86666667,18.15,15.66666667,7.6,14.95,20.9,8.183333333,12.65,12.43333333,28.01666667,6.983333333,17.68333333,7.283333333,7.1,8.216666667,15.33333333,10.38333333,12.55,20.88333333,35.3,50.5,42.35,18.66666667,32.8,19.8,31.15,37.61666667,6.85,57.26666667,10.06666667,13.71666667,18.46666667,15.01666667,8.8,12.16666667,7.783333333,14,9.75,20.2,49.83333333,71.4,7.333333333,6.233333333,24.96666667,35.98333333,20.08333333,21.73333333,18.03333333,12.1,16.28333333
The Trend cafe-bistro,17.36666667,10.96666667,13.51666667,13.13333333,13.85,10.53333333,15.38333333,6.583333333,15.1,4.583333333,10.93333333,19.21666667,10,7.333333333,12.08333333,18.28333333,13.83333333,15.68333333,23.46666667,15.58333333,19.58333333,17.8,11.46666667,5.8,20.03333333,7.616666667,18.53333333,12.35,15.98333333,4.533333333,6.016666667,,2.116666667,5.183333333,13.25,16.7,13.08333333,7.166666667,17.18333333,17.66666667,13.23333333,10.03333333,9.85,19.03333333,9.216666667,14.61666667,11.86666667,13.35,14.05,17.56666667,7.8,9.316666667,18.3,31.33333333,50.98333333,39.28333333,16.85,29.73333333,17.98333333,28.08333333,34.55,7.4,59.31666667,7.483333333,11.1,16.65,11.78333333,14.08333333,9.1,6.283333333,10.93333333,7.166666667,16.96666667,45.86666667,68.81666667,9.566666667,3.65,23.15,34.16666667,16.85,18.5,14.8,8.866666667,18.51666667
"FreakyCones - Ice Cream, Waffles & Matcha",16.01666667,9.616666667,11.4,11.1,11.63333333,8.7,13.23333333,5,13.75,2.466666667,8.8,17.1,7.883333333,5.216666667,9.966666667,18.25,15.18333333,15.65,23.06666667,16.05,21.83333333,19.15,12.81666667,3.933333333,20,5.483333333,18.5,12.31666667,17.33333333,5.9,4.666666667,2.1,,3.066666667,11.13333333,14.58333333,11.05,5.583333333,15.83333333,17.63333333,11.11666667,7.916666667,7.733333333,17.33333333,7.866666667,16.58333333,12.25,11.23333333,11.93333333,16.21666667,5.883333333,10.66666667,16.18333333,29.63333333,48.18333333,40.63333333,19.1,31.08333333,20.23333333,29.43333333,35.9,6.05,57.7,5.366666667,8.983333333,18.9,11.75,11.96666667,7.583333333,7.633333333,12.28333333,5.25,16.93333333,44.16666667,66.7,8.216666667,1.533333333,21.03333333,36.41666667,16.81666667,18.46666667,14.76666667,10.21666667,17.16666667
Cendra Tapas Bar and Grill,17.66666667,15.85,11.63333333,7.883333333,8.416666667,6.033333333,11.5,3.266666667,16.71666667,1.033333333,10.13333333,18.41666667,9.2,5.583333333,11.25,16.51666667,17.01666667,13.91666667,23.53333333,17.36666667,20.1,20.75,14.31666667,5.783333333,18.26666667,5.85,16.76666667,10.58333333,18.93333333,8.933333333,7.7,5.133333333,3.033333333,,9.55,12.3,7.833333333,3.85,16.85,15.9,11.36666667,9.2,9.05,26.71666667,10.83333333,17.9,13.56666667,12.55,13.25,19.18333333,3.883333333,12.26666667,17.5,34,50,43.66666667,17.36666667,34.11666667,18.5,32.46666667,38.93333333,4.6,55.96666667,6.683333333,10.26666667,17.16666667,10.01666667,12.21666667,8.9,10.66666667,14.76666667,3.5,15.2,48.53333333,68.01666667,11.18333333,1.483333333,22.35,34.68333333,15.08333333,16.73333333,13.03333333,11.81666667,16.51666667
CAFE KREAMS,14.81666667,7,5.116666667,3.3,4.733333333,5.616666667,8.183333333,8.966666667,14.38333333,10.61666667,8.866666667,18.23333333,6.766666667,6.533333333,5.316666667,20.68333333,19.75,15.55,24.2,16.11666667,19.31666667,24.33333333,20.01666667,12.06666667,19.21666667,6.4,23,16.81666667,13.96666667,13.36666667,15.66666667,13.06666667,10.96666667,9.433333333,,3.45,3.25,9.55,15.6,22.13333333,2.933333333,6.733333333,6.616666667,18.93333333,16.28333333,16.65,11.03333333,8.066666667,7.233333333,15.65,7.883333333,17.96666667,17.31666667,26.21666667,40.28333333,41.05,16.58333333,29.85,17.71666667,28.2,34.66666667,10.3,52.18333333,6.15,6.3,16.38333333,16.25,3.933333333,7.016666667,16.31666667,15.88333333,9.216666667,16.3,40.75,67.83333333,14.98333333,10.88333333,22.16666667,33.9,17.95,19.55,14.48333333,17.51666667,12.73333333
Brothers Ramen,19.78333333,3.766666667,8.316666667,5.416666667,5.05,7.75,7.366666667,11.81666667,13.56666667,13.23333333,12.35,21.7,10.25,10.01666667,8.616666667,19.86666667,18.93333333,14.73333333,21.93333333,13.81666667,18.5,23.51666667,20.46666667,15.55,18.4,9.883333333,22.31666667,19.61666667,13.15,16.16666667,19.15,16.53333333,14.45,12.23333333,3.483333333,,5.466666667,12.35,14.78333333,16.48333333,6.333333333,10.21666667,10.1,18.11666667,15.46666667,17.38333333,14.33333333,11.36666667,10.53333333,14.83333333,10.48333333,14.95,20.78333333,25.4,39.46666667,40.23333333,15.76666667,29.11666667,16.9,27.46666667,33.93333333,13.1,51.36666667,9.633333333,9.616666667,15.56666667,19.05,5.5,6.2,16.65,15.06666667,11.2,15.48333333,39.93333333,71.3,14.16666667,13.68333333,22.06666667,33.08333333,17.13333333,18.73333333,13.66666667,20.31666667,11.91666667
Salt & Soul,16.01666667,9.066666667,7.883333333,0.05,3.233333333,3.283333333,10.23333333,7.316666667,16.43333333,8.816666667,11.65,21.41666667,9.533333333,7.316666667,8.083333333,21.18333333,21.15,18.58333333,25.08333333,18.88333333,21.65,24.88333333,18.45,11.95,12.35,7.166666667,21.43333333,15.25,16.01666667,11.8,15.35,12.78333333,10.68333333,7.816666667,3.366666667,5.5,,7.933333333,17.65,20.56666667,5.716666667,9.5,9.4,21,17.9,19.41666667,13.8,10.83333333,10.01666667,17.7,6.016666667,16.4,20.5,28.28333333,42.35,43.11666667,18.91666667,32.05,20.05,30.4,36.86666667,8.733333333,54.23333333,8.916666667,9.083333333,18.71666667,14.68333333,6.7,9.083333333,16.45,18.9,6.75,18.35,42.81666667,71.01666667,16.6,9.283333333,25.35,36.23333333,19.75,21.4,17.7,15.95,14.78333333
UM YONG BAEK / KOREAN BBQ - TELOK AYER,18.88333333,16.06666667,14.28333333,8.1,8.633333333,5.516666667,8.866666667,1.583333333,14.76666667,4.466666667,13.56666667,21.7,12.63333333,9.016666667,14.48333333,15.7,15.33333333,13.1,20.71666667,20.8,17.28333333,19.06666667,12.63333333,6.2,17.45,9.45,15.95,9.766666667,14.93333333,5.983333333,7.616666667,7.233333333,5.683333333,3.983333333,9.766666667,12.5,8.033333333,,13,15.08333333,12.11666667,12.63333333,12.5,23.9,9.966666667,13.18333333,17,15.98333333,16.41666667,16.31666667,2.783333333,10.58333333,20.93333333,31.18333333,45.25,46.01666667,14.55,34.71666667,15.68333333,33.06666667,39.53333333,0.766666667,53.15,10.11666667,13.7,14.35,9.2,13.1,11.98333333,10.63333333,13.08333333,2.15,14.38333333,45.71666667,71.45,8.65,4.15,20.85,31.86666667,14.26666667,15.91666667,12.21666667,10.13333333,13.7
Asian Civilisations Museum,24.01666667,17.2,15.75,16.41666667,16.56666667,17.46666667,7.933333333,14.16666667,7.783333333,17.85,12.48333333,21.3,18.88333333,13.7,15.6,11.21666667,17.31666667,16.11666667,20.31666667,23,16.88333333,18.58333333,8.783333333,15.11666667,14.96666667,13.91666667,22.78333333,19.96666667,13.65,16.28333333,14.53333333,16.78333333,15.45,16.56666667,14.5,13.63333333,16.48333333,12.58333333,,27.71666667,13.46666667,17.43333333,17.66666667,23.5,7.45,22.66666667,19.35,18.36666667,17.53333333,5.883333333,15.38333333,18.15,25.56666667,30.78333333,44.85,45.61666667,14.15,38.93333333,15.28333333,37.28333333,43.75,12.51666667,52.75,16.58333333,16.6,13.95,19.36666667,12.61666667,11.58333333,10.86666667,13.45,14.06666667,16.86666667,45.31666667,76.08333333,8.083333333,16.91666667,20.45,31.46666667,18.51666667,20.11666667,15.05,19.31666667,11.2
ArtScience Museum,28.16666667,22.6,27.01666667,20.85,21.56666667,18.25,22.56666667,14.3,28.45,17.2,25.11666667,22.96666667,24.56666667,21.73333333,26.68333333,21.7,16.08333333,19.1,21.86666667,32.35,18.4,21.53333333,24.78333333,18.35,21.4,22,21.95,15.76666667,17.81666667,18.13333333,20.93333333,17.65,18.06666667,16.71666667,22.48333333,25.23333333,20.8,14.88333333,28.1,,24.83333333,24.63333333,24.43333333,37.78333333,25.08333333,31.75,28.55,27.53333333,28.23333333,31.68333333,15.51666667,22.73333333,25,43.61666667,54.41666667,58.46666667,17.16666667,46.86666667,18.28333333,45.21666667,51.68333333,15.63333333,63.46666667,21.26666667,25.7,16.95,15.2,25.83333333,23.45,22.78333333,14.31666667,14.86666667,20.38333333,59.6,77.88333333,23.53333333,16.86666667,22.08333333,41.4,20.26666667,21.91666667,18.21666667,22.28333333,16.18333333
Hamburg Steak Keisuke,13.3,6.683333333,2.35,5.583333333,7.183333333,7.9,7.083333333,11.25,13.28333333,10.5,7.7,18.1,5.633333333,6.416666667,2.416666667,19.58333333,18.65,14.45,21.65,11.96666667,18.21666667,23.23333333,13.7,11.93333333,18.11666667,6.266666667,22.03333333,19.1,12.86666667,16.75,15.55,12.93333333,10.85,11.18333333,2.866666667,6.216666667,5.516666667,11.81666667,14.5,24.41666667,,4.166666667,4.4,17.81666667,15.18333333,12.5,8.133333333,5.166666667,4.333333333,14.55,10.15,19.2,17.18333333,25.1,39.16666667,39.93333333,15.48333333,29.33333333,16.61666667,27.68333333,34.15,12.58333333,51.08333333,6.033333333,3.4,15.28333333,18.53333333,0.85,5.9,10.91666667,14.78333333,11.48333333,15.2,39.63333333,67.7,13.88333333,12.3,22.03333333,32.8,16.85,18.45,13.38333333,19.8,11.63333333
Five Oars Coffee Roasters Heritage,13.36666667,9.566666667,6.65,9.45,11.05,9.783333333,11.16666667,11.83333333,17.36666667,8.083333333,3.5,15.01666667,1.45,5.366666667,2.05,23.66666667,20.65,18.53333333,20.98333333,11.4,21.83333333,16.85,11.15,8.85,22.2,5.166666667,25.33333333,19.15,16.95,13.65,12.45,9.85,7.75,9.116666667,6.733333333,10.68333333,9.383333333,12.41666667,18.58333333,24.51666667,4.283333333,,0.466666667,21.91666667,15.55,11.93333333,7.566666667,5.533333333,4.7,18.63333333,11.05,18.41666667,14.1,29.2,43.26666667,44.03333333,18.4,29.4,19.51666667,27.75,34.21666667,13.76666667,55.16666667,2.933333333,1.066666667,18.18333333,18.58333333,4.933333333,5.5,8.366666667,17.75,12.08333333,19.28333333,43.73333333,64.61666667,15.9,9.216666667,18.95,31.65,20.93333333,22.53333333,17.46666667,17.96666667,15.71666667
Noodle Star K @ Tanjong Pagar,13.51666667,9.783333333,7.083333333,9.316666667,10.91666667,9.666666667,11.58333333,11.68333333,11.83333333,7.933333333,3.316666667,14.78333333,1.266666667,5.2,2.183333333,24.08333333,20.43333333,18.95,20.75,11.21666667,21.6,16.66666667,10.96666667,8.633333333,22.61666667,5.016666667,25.18333333,19,17.36666667,13.46666667,12.23333333,9.65,7.566666667,8.966666667,6.6,10.03333333,9.266666667,12.26666667,19,24.3,4.733333333,0.45,,22.31666667,15.4,11.75,7.383333333,5.65,4.816666667,19.05,10.91666667,18.23333333,13.86666667,29.6,47.13333333,44.43333333,18.16666667,34.81666667,19.28333333,33.16666667,39.63333333,13.6,55.58333333,2.716666667,1.216666667,17.95,18.43333333,5.35,5.266666667,8.183333333,17.53333333,11.91666667,19.7,44.13333333,64.38333333,15.73333333,9.05,18.71666667,31.41666667,21.35,22.95,17.88333333,17.78333333,16.13333333
Creamier Handcrafted Ice Cream and Coffee (Tiong Bahru),35.45,21.63333333,20.18333333,20.85,21,23.18333333,17.16666667,23.45,23.36666667,23.88333333,21.36666667,24.31666667,21.55,21.16666667,20.03333333,29.66666667,28.73333333,24.53333333,21.7,23.41666667,28.3,33.31666667,20.63333333,23.48333333,28.2,21.4,32.11666667,33,22.95,18.58333333,28.08333333,18.86666667,23.53333333,24.93333333,18.91666667,18.06666667,20.91666667,23.9,24.58333333,37.86666667,17.9,21.86666667,22.08333333,,25.26666667,23.08333333,19.76666667,21.08333333,21.95,24.63333333,25.23333333,29.28333333,23.4,27.2,36.15,42.03333333,25.56666667,43.96666667,26.7,43.25,46.71666667,23.85,61.16666667,18.3,21.03333333,25.36666667,32.43333333,17.05,12,17.85,24.86666667,23.16666667,25.28333333,41.73333333,73.91666667,23.96666667,24.98333333,23.63333333,42.88333333,26.93333333,28.53333333,23.46666667,33.01666667,21.71666667
DOPA DOPA (South Bridge Rd),16.31666667,9.916666667,9.983333333,18.16666667,18.18333333,15.6,10.46666667,12.4,5.883333333,10.38333333,4.783333333,17.66666667,6.216666667,6,5.216666667,16.01666667,14.25,17.95,22.15,10.55,18.71666667,16.48333333,6.8,11.88333333,20.03333333,6.216666667,25.1,20.25,14.73333333,8.833333333,7.083333333,9.316666667,8,11,16.33333333,15.46666667,18.11666667,10.03333333,7.966666667,25.56666667,7.616666667,7.6,7.766666667,19.01666667,,10.61666667,6.716666667,6.533333333,7.65,8.35,12.83333333,11.98333333,24.16666667,32.61666667,49.93333333,43.78333333,15.98333333,34.23333333,17.11666667,32.58333333,39.05,9.766666667,54.58333333,5.833333333,6.433333333,15.78333333,19.68333333,14.45,13.41666667,6.166666667,11.35,12.96666667,18.7,47.15,72.36666667,1.666666667,9.45,22.28333333,33.3,20.35,21.95,16.88333333,17.41666667,9.316666667
Hello Arigato Everton Park,17.91666667,13.36666667,14.71666667,19.2,18.95,19.55,16.06666667,20.35,22.26666667,16.6,7.966666667,22.03333333,10.5,13.86666667,10.46666667,22.58333333,19.95,23.43333333,28,5.816666667,25.7,26.75,17.58333333,12.03333333,27.1,14.06666667,26.73333333,25.91666667,21.85,14.4,17.2,14.08333333,16.23333333,17.63333333,16.48333333,17.2,19.15,20.93333333,23.48333333,31.23333333,12.35,11.78333333,11.6,14.56666667,18.45,,4.783333333,7.416666667,8.116666667,23.53333333,20.81666667,22.78333333,21.11666667,30.1,46.06666667,41.4,22.96666667,31.85,24.1,30.2,36.66666667,20.75,60.06666667,11.01666667,11.46666667,22.76666667,25.35,12.96666667,11.08333333,12.4,17.05,20.6,24.18333333,44.63333333,71.63333333,19.08333333,17.73333333,25.96666667,40.28333333,25.83333333,27.43333333,22.36666667,22.43333333,20.61666667
The Populus,17.5,11.88333333,10,13.2,14.8,14.83333333,12.3,15.66666667,18.5,11.91666667,3.266666667,17.96666667,5.783333333,9.2,5.75,18.48333333,16.85,19.66666667,23.93333333,4.333333333,23.43333333,23.65,14.48333333,8.933333333,23.33333333,9.366666667,22.63333333,22.81666667,18.08333333,11.3,14.1,10.98333333,11.55,12.96666667,10.48333333,13.66666667,13.13333333,16.25,19.71666667,27.91666667,7.65,7.066666667,6.9,19.05,15.35,4.433333333,,2.7,3.4,19.76666667,16.1,19.68333333,17.05,26.33333333,44.1,38.3,20.7,28.75,21.83333333,27.1,33.56666667,17.6,56.3,6.333333333,6.75,20.5,22.25,8.25,6.983333333,9.3,13.95,15.91666667,20.41666667,40.86666667,67.56666667,15.98333333,13.01666667,21.9,34.6,22.06666667,23.66666667,18.6,19.33333333,16.85
Bonjour Ma Cuisine,18.93333333,9.833333333,7.3,10.5,12.1,12.8,11.75,14.91666667,17.95,11.16666667,2.533333333,17.66666667,4.716666667,8.433333333,3.05,24.25,19.46666667,19.11666667,23.63333333,6.8,24.48333333,19.96666667,17.1,10.65,22.78333333,8.633333333,26.7,23.11666667,17.53333333,14.38333333,15.46666667,12.9,10.8,12.2,7.783333333,10.96666667,10.43333333,15.5,19.16666667,27.16666667,4.95,5.216666667,5.35,20.63333333,17.96666667,7.333333333,2.966666667,,0.7,19.21666667,15.06666667,20.08333333,16.75,27.91666667,44.18333333,40.91666667,20.15,31.36666667,21.28333333,29.71666667,36.18333333,16.83333333,55.75,5.583333333,4.05,19.95,22.55,5.55,9.95,11.91666667,16.56666667,15.16666667,19.86666667,42.45,67.26666667,18.6,12.3,21.6,34.3,21.51666667,23.11666667,18.05,19.63333333,16.3
Birds of Paradise Gelato Boutique (Craig),18.23333333,9.133333333,6.6,9.783333333,11.4,12.1,11.03333333,15.75,17.23333333,12,3.366666667,18.48333333,4.4,9.266666667,2.35,23.53333333,20.3,18.4,24.45,7.633333333,22.16666667,19.26666667,17.93333333,11.48333333,22.06666667,9.466666667,25.98333333,23.95,16.81666667,15.21666667,16.3,13.71666667,11.63333333,13.03333333,7.066666667,10.25,9.733333333,16.03333333,18.45,28,4.233333333,4.516666667,4.633333333,21.78333333,18.8,8.166666667,3.8,0.833333333,,18.5,14.36666667,20.91666667,17.56666667,29.06666667,45.01666667,41.75,19.43333333,32.2,20.56666667,30.55,37.01666667,16.78333333,55.03333333,6.416666667,3.35,19.23333333,23.38333333,4.85,10.78333333,12.75,17.4,15.98333333,19.15,43.6,68.08333333,17.83333333,13.11666667,22.41666667,36.75,20.8,22.4,17.33333333,20.46666667,15.58333333
National Gallery Singapore,21.76666667,18.11666667,16.66666667,17.33333333,17.48333333,19.66666667,11.36666667,17.6,5.533333333,18.4,10.23333333,18.21666667,11.66666667,11.45,10.66666667,16.4,14.23333333,13.03333333,17.23333333,16,13.8,16.23333333,9.5,15.66666667,14.38333333,11.66666667,17.7,14.88333333,8.6,16.83333333,15.08333333,17.33333333,16,19,15.41666667,14.55,17.4,16.01666667,5.866666667,29.65,14.38333333,13.05,13.21666667,24.41666667,8,16.06666667,12.16666667,11.98333333,18.45,,18.81666667,16.68333333,22.83333333,31.7,45.76666667,46.53333333,11.06666667,39.48333333,12.2,37.83333333,44.3,15.95,49.66666667,11.28333333,17.51666667,10.86666667,14.28333333,13.53333333,12.5,11.41666667,10.36666667,15.66666667,13.78333333,46.23333333,73.85,8.633333333,17.46666667,17.36666667,28.38333333,15.43333333,17.03333333,11.96666667,19.11666667,7
Station by Kotuwa,17.38333333,14.21666667,12.63333333,6.116666667,6.05,2.766666667,10.11666667,2.15,17.56666667,4.783333333,13.38333333,22.21666667,11.26666667,8.033333333,12.83333333,16.01666667,15.98333333,13.41666667,22.15,20.61666667,18.71666667,19.71666667,13.28333333,6.85,17.76666667,7.883333333,16.26666667,10.08333333,17.9,6.633333333,10.41666667,7.883333333,6,4.033333333,8.1,10.65,6.166666667,2.8,15.8,15.4,10.45,11.23333333,11.13333333,25.33333333,12.76666667,21.15,16.78333333,15.8,14.76666667,19.11666667,,11.23333333,21.3,32.61666667,48.73333333,44.18333333,15.98333333,35.36666667,17.11666667,33.71666667,40.18333333,3.566666667,54.58333333,10.56666667,12.3,15.78333333,9.516666667,11.45,13.41666667,11.28333333,13.73333333,2.4,14.7,47.15,71.81666667,11.46666667,4.466666667,22.28333333,33.3,14.58333333,16.23333333,12.53333333,10.78333333,15.13333333
National Museum of Singapore,23.71666667,15.73333333,21.3,16.15,16.83333333,13.55,11.63333333,9.933333333,13.21666667,11.96666667,14.18333333,9.766666667,19.08333333,16.5,21.16666667,9.7,10.23333333,20.58333333,15.2,24.28333333,11.76666667,9.7,12.03333333,9.833333333,9.966666667,16.76666667,16.4,12.9,11.48333333,9.616666667,12.41666667,9.133333333,11.21666667,11.46666667,17.78333333,19.18333333,16.1,10.51666667,19.05,22.56666667,19.01666667,19.11666667,18.95,29.05,8.45,23.31666667,20.56666667,15.93333333,16.63333333,16.65,10.81666667,,15.48333333,36.33333333,44.26666667,47.98333333,9.033333333,38.43333333,10.16666667,36.78333333,43.25,11.26666667,54.3,16.56666667,20.18333333,8.833333333,12.3,18.16666667,17.13333333,10.98333333,5.716666667,10.16666667,8.983333333,50.86666667,66.3,13.51666667,11.63333333,15.33333333,26.35,14.46666667,15.46666667,19.7,7.583333333,11.23333333
The House Bar,34.95,24.45,18.13333333,21.1,18.93333333,21.08333333,19.73333333,20.68333333,18.75,16.91666667,15.13333333,12.21666667,14.58333333,14.2,16.7,19.76666667,12.63333333,25.5,7.033333333,21.91666667,12.38333333,19.73333333,26.4,16.85,19.28333333,14.43333333,20.03333333,17.08333333,14,22.46666667,21.23333333,18.65,16.56666667,17.96666667,17.88333333,21.31666667,21.15,21.25,27.15,32.58333333,17.86666667,14.66666667,14.45,24.13333333,24.35,21.88333333,18.56666667,17.55,18.26666667,20.33333333,21.86666667,11.96666667,,25.56666667,25.56666667,49.63333333,15.6,40.66666667,11.86666667,39.01666667,45.48333333,22.6,63.73333333,11.33333333,15.71666667,15.38333333,15.53333333,18.71666667,11.71666667,21.21666667,9.566666667,20.91666667,19.66666667,48.3,58.85,24.76666667,18.01666667,7.933333333,23.2,26.66666667,28.31666667,24.61666667,12.81666667,18.75
Keef The Beef Bungalow,42.88333333,29.06666667,27.61666667,28.28333333,28.43333333,30.61666667,24.6,30.88333333,30.8,30.01666667,28.8,34.33333333,30.75,27.3,27.46666667,37.1,36.16666667,31.96666667,31.21666667,30.85,35.73333333,40.75,37.7,30.91666667,35.63333333,27.53333333,39.55,35.61666667,30.38333333,34.21666667,35.51666667,33.9,29.66666667,34.23333333,26.35,25.5,28.35,31.33333333,32.01666667,45.3,25.33333333,29.3,29.51666667,27.33333333,32.7,30.51666667,27.2,28.51666667,29.38333333,32.06666667,32.66666667,36.71666667,25.96666667,,26.35,17.18333333,33,39.66666667,34.13333333,38.01666667,44.48333333,31.28333333,68.6,24.43333333,28.46666667,32.8,35.05,24.48333333,19.43333333,32.21666667,32.3,30.6,32.71666667,33.16666667,68.6,31.4,34.38333333,33.15,44.43333333,34.36666667,35.96666667,30.9,40.45,29.15
Burnt Cones Gelato (Sunset Way),50.5,36.68333333,35.23333333,35.9,36.05,38.23333333,32.21666667,41.63333333,38.41666667,39.33333333,37.55,34.63333333,37,36.61666667,35.08333333,41.03333333,40.25,38.43333333,34.15,38.46666667,40,47.35,45.31666667,39.26666667,43.25,36.85,45.28333333,39.1,38,45.46666667,43.13333333,44.98333333,38.98333333,44.05,33.96666667,33.11666667,35.96666667,42.21666667,39.63333333,48.41666667,32.95,37.08333333,36.86666667,42.51666667,40.31666667,38.13333333,34.81666667,36.13333333,37,39.68333333,42.85,40.58333333,24.66666667,31.68333333,,28.85,37.16666667,55.46666667,37.95,53.81666667,60.28333333,38.9,76.21666667,33.75,36.08333333,36.28333333,38.53333333,32.1,27.05,37.5,37.18333333,38.21666667,42.83333333,39.26666667,64.51666667,39.01666667,44.2,36.08333333,44.35,39.6,41.25,37.55,41.43333333,36.76666667
Citrus Kitchen,39.08333333,32.66666667,40.6,38.9,35,38.93333333,33.56666667,40.41666667,42.03333333,36.2,36.48333333,49.98333333,38.36666667,38.31666667,39.25,44.73333333,39.91666667,48.05,49.55,37.66666667,48.73333333,46.71666667,37.55,32,47.53333333,38.58333333,48.88333333,48.71666667,39.35,34.36666667,37.16666667,34.05,35.43333333,38.5,38.43333333,35.08333333,38.96666667,40.48333333,45.21666667,58.03333333,38.23333333,39.65,39.46666667,36.3,38.41666667,36.7,33.95,36.2,36.9,44.1,38.95,42.75,48.66666667,14.08333333,33.3,,47.5,39.81666667,48.61666667,38.16666667,44.63333333,40.71666667,77.56666667,35.41666667,40.25,47.28333333,48.15,33.45,31.18333333,32.36666667,37.01666667,39.76666667,41.68333333,43.85,81.7,39.05,36.96666667,53.43333333,54.45,49.21666667,50.86666667,47.16666667,42.4,38.11666667
Hvala 111 Somerset,32.25,19.26666667,17.81666667,18.91666667,17.48333333,17.2,7.816666667,14.1,10.01666667,17.93333333,18.75,9.433333333,18.2,17.81666667,17.66666667,17.46666667,8.383333333,14.18333333,5.966666667,25.06666667,4.7,15.18333333,16.91666667,14.88333333,14.85,18.05,18.76666667,15.93333333,9.6,17.25,18.73333333,16.93333333,19.15,17.45,16.56666667,15.7,18.98333333,14.55,15.23333333,28.51666667,15.53333333,18.28333333,18.06666667,25.56666667,15.91666667,23.58333333,21.41666667,20.43333333,19.6,11.28333333,15.88333333,9.216666667,9.733333333,32.85,38.51666667,47.68333333,,38.7,2.216666667,37.05,43.51666667,14.5,50.81666667,14.95,18.66666667,0.883333333,15.33333333,14.68333333,13.65,11.25,4.516666667,13.81666667,14.93333333,47.38333333,65.43333333,14.61666667,17.6,6.183333333,20.46666667,16.58333333,18.18333333,13.11666667,13.86666667,8.366666667
Universal Studios Singapore,45.05,38.65,38.78333333,39.61666667,39.98333333,39.13333333,34.66666667,35.18333333,37.31666667,31.48333333,31.76666667,40.6,33.65,33.6,34.53333333,47.1,35.2,44.5,44.83333333,32.95,40.95,42,32.83333333,27.28333333,47.75,33.86666667,47.35,41.16666667,43.08333333,29.65,32.45,29.33333333,30.71666667,33.78333333,36.41666667,35.56666667,39.55,35.76666667,39,46.48333333,36.41666667,34.93333333,34.75,41.41666667,33.7,31.98333333,29.23333333,31.48333333,32.18333333,39.38333333,36.4,38.03333333,39.68333333,42.75,62.46666667,44.65,38.21666667,,39.35,13.25,21.7,36,78.66666667,30.7,35.53333333,38.01666667,40.6,34.55,26.46666667,27.65,32.3,35.76666667,42.78333333,63.5,90.2,34.33333333,32.25,46.5,55.53333333,45.66666667,47.31666667,40.96666667,37.68333333,40.36666667
Genki Sushi 313@somerset,33.38333333,20.4,18.95,20.05,18.61666667,18.33333333,8.95,15.23333333,11.15,19.06666667,19.9,11.76666667,19.35,18.96666667,18.8,18.6,9.516666667,15.31666667,6.366666667,26.2,7.033333333,16.31666667,18.05,16.01666667,15.98333333,19.2,19.9,17.06666667,10.73333333,18.38333333,19.86666667,18.06666667,20.28333333,18.58333333,17.7,16.83333333,20.11666667,15.68333333,16.36666667,29.65,16.66666667,19.43333333,19.21666667,26.7,17.05,24.71666667,22.55,21.56666667,20.73333333,12.41666667,17.01666667,10.35,10.88333333,33.98333333,39.66666667,48.81666667,2.233333333,39.83333333,,38.18333333,44.65,15.63333333,51.95,16.1,19.8,1.683333333,16.46666667,15.81666667,14.78333333,12.38333333,5.65,14.95,16.06666667,48.51666667,66.58333333,15.75,18.73333333,6.933333333,21.61666667,17.71666667,19.31666667,14.25,15,9.5
Adventure Cove Waterpark,44.06666667,37.66666667,37.8,38.63333333,39,38.15,33.68333333,34.2,36.33333333,30.5,30.78333333,39.61666667,32.66666667,32.61666667,33.55,46.11666667,34.21666667,43.51666667,43.85,31.96666667,39.96666667,41.01666667,31.85,26.3,46.76666667,32.88333333,46.36666667,40.18333333,42.1,28.66666667,31.46666667,28.35,29.73333333,32.8,35.43333333,34.58333333,38.56666667,34.78333333,38.01666667,45.5,35.43333333,33.95,33.76666667,40.43333333,32.71666667,31,28.25,30.5,31.2,38.4,35.41666667,37.05,38.7,41.76666667,61.48333333,43.66666667,37.23333333,13.91666667,38.36666667,,20.71666667,35.01666667,77.68333333,29.71666667,34.55,37.03333333,39.61666667,33.56666667,25.48333333,26.66666667,31.31666667,34.78333333,41.8,62.51666667,89.21666667,33.35,31.26666667,45.51666667,54.55,44.68333333,46.33333333,39.98333333,36.7,39.38333333
Mega Adventure - Singapore,50.7,44.3,44.43333333,45.26666667,45.63333333,44.78333333,40.31666667,40.83333333,42.96666667,37.13333333,37.41666667,46.25,39.3,39.25,40.18333333,52.75,40.85,50.15,61.61666667,38.6,59.15,47.65,38.48333333,32.93333333,53.4,39.51666667,53,46.81666667,48.73333333,35.3,38.1,34.98333333,36.36666667,39.43333333,42.06666667,41.21666667,45.2,41.41666667,44.65,52.13333333,42.06666667,40.58333333,40.4,51.56666667,39.35,37.63333333,34.88333333,37.13333333,37.83333333,45.03333333,42.05,43.68333333,45.33333333,48.4,68.11666667,50.3,56.91666667,18.13333333,58.03333333,18.46666667,,41.65,84.31666667,36.35,41.18333333,56.7,46.25,40.2,32.11666667,33.3,37.95,41.41666667,48.43333333,69.15,95.85,39.98333333,37.9,61.83333333,61.18333333,51.31666667,52.96666667,46.61666667,43.33333333,46.01666667
Gwanghwamun Mijin,18.11666667,16.81666667,15.03333333,8.883333333,9.383333333,6.266666667,8.8,2.333333333,14.7,5.216666667,14.9,21.63333333,13.98333333,9.766666667,7.016666667,16.45,16.08333333,13.85,20.65,12.35,17.21666667,19.81666667,13.38333333,6.95,18.2,10.2,16.7,10.51666667,14.86666667,6.733333333,6.866666667,7.416666667,6.1,4.733333333,10.51666667,13.25,8.816666667,0.75,12.93333333,15.83333333,12.86666667,13.98333333,13.83333333,23.83333333,9.733333333,12.41666667,8.516666667,8.333333333,9.45,16.25,3.55,11.33333333,22.26666667,31.11666667,45.18333333,45.95,14.48333333,36.41666667,15.61666667,34.76666667,41.23333333,,53.08333333,11.45,15.03333333,14.28333333,9.95,13.85,11.91666667,12.28333333,13.83333333,2.9,15.13333333,45.65,72.78333333,8.6,4.9,20.78333333,31.8,15.01666667,16.66666667,12.96666667,10.88333333,13.63333333
Wild Wild Wet,68.56666667,54.75,53.3,53.96666667,54.11666667,56.3,46.3,52.58333333,48.5,56.41666667,58.5,57.85,56.43333333,57.43333333,53.15,50.8,53.86666667,45.66666667,56.86666667,60.55,53.43333333,58.45,55.4,60.61666667,53.33333333,57.28333333,55.65,52.38333333,48.08333333,58.96666667,57.21666667,59.21666667,57.63333333,55.93333333,52.05,51.18333333,54.03333333,53.03333333,53.71666667,63.45,51.01666667,54.98333333,55.21666667,61.05,54.4,60.21666667,56.9,55.91666667,55.08333333,49.76666667,54.36666667,54.41666667,63.11666667,68.33333333,82.4,86.16666667,50.7,79.03333333,51.83333333,77.38333333,83.85,52.98333333,,54.13333333,54.15,50.5,51.78333333,50.16666667,49.13333333,57.75,50,52.3,46.41666667,82.86666667,113.6333333,53.1,56.08333333,57,68.01666667,48.06666667,49.66666667,44.6,54.15,46.85
Maxwell MRT Station (TE18),13.66666667,12.75,6.45,8.9,7.6,9.15,10.2,9.333333333,16.4,5.583333333,3.45,11.7,2.9,2.85,5.016666667,22.58333333,18.08333333,17.56666667,17.66666667,10.68333333,18.51666667,17.58333333,15.71666667,6.283333333,21.23333333,3.1,22.83333333,16.65,15.98333333,11.11666667,9.883333333,7.316666667,5.216666667,6.616666667,6.183333333,9.633333333,8.85,9.916666667,17.61666667,21.25,6.166666667,2.966666667,2.75,18.91666667,13.01666667,11.21666667,6.883333333,5.866666667,6.566666667,17.66666667,10.41666667,15.88333333,10.78333333,24.23333333,38.3,39.06666667,15.08333333,31.13333333,16.2,29.48333333,35.95,11.26666667,54.2,,4.033333333,14.86666667,16.08333333,7.016666667,2.183333333,10.53333333,15.18333333,9.583333333,18.31666667,38.76666667,61.3,13.43333333,6.683333333,15.63333333,28.33333333,19.96666667,21.56666667,16.5,15.43333333,14.75
APT - A Place To • Coffee • Cocktail,12.3,8.5,5.966666667,9.15,10.76666667,10.95,10.4,13.01666667,16.6,9.25,4.683333333,16.11666667,2.616666667,6.533333333,0.983333333,22.9,21.96666667,17.76666667,22.08333333,11.26666667,22.93333333,18.45,12.75,10.01666667,21.43333333,6.333333333,25.35,20.33333333,16.18333333,14.81666667,13.61666667,11.01666667,8.916666667,10.3,6.433333333,9.633333333,9.1,13.58333333,17.81666667,25.61666667,3.616666667,1.166666667,1.333333333,21.15,16.71666667,11.8,7.433333333,4.466666667,3.65,17.86666667,12.21666667,19.6,15.2,28.43333333,42.5,43.26666667,18.8,28.33333333,19.93333333,26.68333333,33.15,14.93333333,54.4,4.033333333,,18.6,19.76666667,4.216666667,6.6,9.966666667,18.1,13.25,18.51666667,42.96666667,65.71666667,17.06666667,10.38333333,20.05,32.75,20.16666667,21.76666667,16.7,19.15,14.95
Somerset MRT Station (NS23),32.03333333,19.05,17.6,18.7,17.26666667,16.98333333,7.6,13.48333333,9.8,17.71666667,18.55,10.41666667,18,17.61666667,17.45,17.25,10.26666667,13.96666667,6.366666667,24.85,5.55,14.96666667,16.7,14.66666667,14.63333333,17.85,18.55,15.71666667,9.383333333,17.03333333,18.51666667,16.71666667,18.93333333,17.23333333,16.35,15.48333333,18.76666667,14.33333333,15.01666667,28.3,15.31666667,18.08333333,17.86666667,25.35,15.7,23.36666667,21.2,20.21666667,19.38333333,11.06666667,15.66666667,9,9.533333333,32.63333333,38.31666667,47.46666667,0.883333333,38.48333333,1.666666667,36.83333333,43.3,14.28333333,50.6,14.75,18.45,,15.11666667,14.46666667,13.43333333,11.03333333,4.3,13.6,14.71666667,47.16666667,65.23333333,14.4,17.38333333,7.166666667,20.26666667,16.36666667,17.96666667,12.9,13.65,8.15
Promenade MRT Station (DT15),23.21666667,17.65,21.15,14.98333333,15.71666667,12.38333333,16.7,8.433333333,16.65,11.33333333,20.41666667,22.45,19.5,15.86666667,21.55,11.56666667,14.48333333,9.233333333,21.46666667,23.95,18.03333333,21.28333333,18.91666667,12.48333333,12.13333333,16.13333333,7.366666667,2.516666667,9.516666667,12.26666667,15.06666667,11.78333333,12.2,10.85,16.61666667,19.36666667,14.93333333,9.016666667,20.1,15.21666667,18.96666667,19.5,19.35,32.35,19.21666667,25.88333333,23.13333333,23.33333333,24.05,15.1,9.65,12.61666667,25.08333333,35.53333333,44.55,48.6,15.3,41,16.43333333,39.35,45.81666667,9.766666667,51.81666667,16.98333333,20.56666667,15.1,,19.96666667,18.51666667,16.91666667,10.36666667,9,10.51666667,54.16666667,68.01666667,17.66666667,11,21.6,32.61666667,10.4,12.05,8.35,16.41666667,15.28333333
Tanjong Pagar MRT Station (EW15),20.6,6.45,3.133333333,6.316666667,8.283333333,8.633333333,6.233333333,11.98333333,12.43333333,11.33333333,8.3,18.95,6.266666667,7.25,3.016666667,18.73333333,17.8,13.6,20.8,12.56666667,17.36666667,22.38333333,19.33333333,12.78333333,17.26666667,7.116666667,21.18333333,19.83333333,12.01666667,17.58333333,16.38333333,13.78333333,11.68333333,12.03333333,3.6,5.366666667,6.266666667,12.56666667,13.65,25.15,0.833333333,4.816666667,5.033333333,16.96666667,14.33333333,13.1,8.733333333,5.766666667,4.933333333,13.7,10.9,18.35,18.03333333,24.25,38.31666667,39.08333333,14.63333333,29.93333333,15.76666667,28.28333333,34.75,13.31666667,50.23333333,6.866666667,4.016666667,14.43333333,19.26666667,,5.05,15.5,13.93333333,12.23333333,14.35,38.78333333,68.55,13.03333333,13.15,20.93333333,31.95,16,17.6,12.53333333,20.53333333,10.78333333
Outram Park MRT Station (EW16),24.31666667,9.633333333,8.183333333,8.85,9,11.18333333,5.166666667,11.45,11.36666667,7.9,6.116666667,12.21666667,5.566666667,5.183333333,8.033333333,17.66666667,14.96666667,12.53333333,18.18333333,11.18333333,16.3,21.31666667,12.6,7.05,16.2,5.416666667,20.11666667,18.61666667,10.95,9.416666667,12.21666667,9.1,7.55,8.95,6.916666667,6.066666667,8.916666667,11.9,12.58333333,23.56666667,5.9,5.65,5.433333333,11.91666667,13.26666667,11.28333333,7.533333333,10.23333333,10.93333333,12.63333333,13.23333333,17.28333333,11.3,19.2,33.26666667,34.03333333,13.56666667,26.86666667,14.7,25.21666667,31.68333333,11.85,49.16666667,2.316666667,6.7,13.36666667,18.05,5.05,,7.416666667,12.06666667,11.16666667,13.28333333,33.73333333,61.81666667,11.96666667,9,16.15,30.88333333,14.93333333,16.53333333,11.46666667,17.45,9.716666667
Clarke Quay MRT Station (NE5),26.01666667,21.46666667,16.68333333,16.36666667,17.13333333,13.76666667,13.75,10.15,9.733333333,8.45,12.73333333,13.96666667,14.61666667,10.56666667,15.5,12.31666667,8.15,10.45,17.78333333,13.91666667,13.9,15.16666667,5.25,4.25,20.7,10.83333333,20.95,17.46666667,16.03333333,5.383333333,7.816666667,6.3,7.683333333,10.75,16.43333333,16.53333333,16.31666667,10.73333333,11.41666667,22.78333333,17.38333333,13.2,13.03333333,22.38333333,6.116666667,12.95,10.2,12.45,13.15,11.8,11.03333333,10.98333333,20.65,29.66666667,43.73333333,37.61666667,11.16666667,28.06666667,12.3,26.41666667,32.88333333,12.3,57.86666667,10.65,14.26666667,10.96666667,16.9,15.51666667,7.433333333,,5.25,10.38333333,9,44.2,68.66666667,6.75,9.216666667,19.45,28.48333333,12.46666667,13.51666667,10.83333333,13.98333333,12.78333333
Dhoby Ghaut MRT Station (NS24),26.63333333,18.48333333,17.03333333,19.03333333,16.7,16.43333333,7.033333333,12.81666667,9.233333333,13.1,17.38333333,11.58333333,19.26666667,15.21666667,16.88333333,14.96666667,5.883333333,15.33333333,10.6,18.56666667,7.166666667,11.41666667,10.51666667,8.9,14.21666667,15.48333333,14.46666667,10.96666667,9.55,11.26666667,14.06666667,10.95,12.33333333,14.35,15.78333333,14.91666667,18.98333333,13.4,14.45,25.45,14.75,17.85,17.68333333,24.78333333,11.4,17.6,14.85,17.1,17.8,10.5,13.7,5.816666667,14.38333333,32.06666667,43.16666667,42.26666667,4.433333333,32.71666667,5.566666667,31.06666667,37.53333333,14.15,50.03333333,15.75,17.88333333,4.233333333,10.36666667,13.9,12.08333333,5.266666667,,13.05,14.15,46.6,66.65,12.01666667,13.86666667,10.73333333,21.75,17.35,18.35,12.33333333,10.46666667,7.583333333
Telok Ayer MRT Station (DT18),17.31666667,14.9,13.93333333,6.783333333,6.666666667,5.066666667,7.983333333,1.5,14.65,4.133333333,13.21666667,21,12.28333333,8.666666667,14.33333333,15.35,15.31666667,12.75,20.01666667,20.45,16.58333333,19.05,12.61666667,6.183333333,17.1,8.933333333,15.6,9.416666667,14.23333333,5.966666667,9.8,7.216666667,5.35,3.633333333,9.416666667,11.33333333,6.85,2.133333333,14.51666667,14.73333333,11.76666667,12.28333333,12.15,23.2,12.91666667,21,16.65,15.63333333,16.33333333,15.91666667,2.383333333,10.56666667,20.58333333,30.48333333,44.55,43.11666667,13.85,34.7,14.98333333,33.05,39.51666667,2.9,52.45,9.766666667,13.35,13.65,8.85,12.76666667,11.28333333,10.61666667,13.06666667,,14.03333333,45.01666667,71.1,10.8,3.8,20.15,31.16666667,13.91666667,15.56666667,11.86666667,10.11666667,13
Bugis MRT Station (EW12),27.45,18.36666667,16.91666667,17.58333333,17.73333333,17.56666667,9.916666667,13.61666667,12.11666667,16.51666667,22.11666667,21.46666667,20.05,21.05,16.76666667,9.766666667,17.48333333,7.416666667,20.48333333,24.16666667,17.05,15.01666667,11.75,17.66666667,10.25,21.31666667,14.61666667,11.08333333,11.7,17.45,20.25,16.96666667,17.38333333,16.03333333,15.66666667,14.8,17.65,14.2,17.33333333,20.4,14.63333333,18.6,18.83333333,24.66666667,11.85,23.83333333,20.51666667,19.53333333,18.7,13.38333333,14.83333333,17.65,26.73333333,31.95,46.01666667,46.78333333,14.31666667,42.65,15.45,41,47.46666667,14.95,45.91666667,17.75,17.76666667,14.11666667,10.51666667,13.78333333,12.75,11.33333333,13.61666667,14.18333333,,46.48333333,59.21666667,16.71666667,16.18333333,20.61666667,31.63333333,7.9,9.483333333,4.316666667,10.73333333,10.46666667
Science Centre Singapore,59.98333333,42.45,41,41.66666667,41.81666667,44,37.98333333,44.26666667,44.18333333,43.4,42.18333333,47.71666667,44.13333333,40.68333333,40.85,50.48333333,49.55,45.35,52.55,44.23333333,49.11666667,54.13333333,51.08333333,44.3,49.01666667,40.91666667,52.93333333,53.81666667,43.76666667,45.26666667,48.9,44.95,43.05,47.61666667,39.73333333,38.88333333,41.73333333,44.71666667,45.4,58.68333333,38.71666667,42.68333333,42.9,40.71666667,46.08333333,43.9,40.58333333,41.9,42.76666667,45.45,46.05,50.1,46.8,33.26666667,27.85,45.76666667,46.38333333,59.98333333,47.51666667,58.33333333,64.8,44.66666667,81.98333333,37.81666667,41.85,46.18333333,53.25,37.86666667,32.81666667,43.26666667,45.68333333,43.98333333,46.1,,98.43333333,44.78333333,47.76666667,52.68333333,63.7,47.75,49.35,44.28333333,53.83333333,42.53333333
MUSEUM OF ICE CREAM SINGAPORE,81.2,70.7,64.38333333,67.35,65.18333333,67.33333333,65.98333333,66.93333333,64.88333333,63.16666667,61.38333333,58.46666667,60.83333333,60.45,62.95,67.11666667,66.95,64.25,64.43333333,68.16666667,65.28333333,71.46666667,70.21666667,63.1,72.6,60.68333333,71.1,64.91666667,68.55,68.71666667,67.48333333,64.9,62.81666667,64.21666667,64.13333333,67.56666667,67.4,67.5,71.13333333,74.23333333,64.11666667,60.91666667,60.7,70.38333333,67.26666667,68.13333333,64.81666667,63.8,64.51666667,68.75,68.11666667,62.98333333,54.66666667,65.41666667,63.83333333,78.48333333,61.85,88.76666667,62.96666667,87.11666667,93.58333333,68.85,103.2333333,57.58333333,61.96666667,61.63333333,64.35,64.96666667,57.96666667,70.46666667,63.08333333,67.16666667,65.53333333,94.55,,68.93333333,64.26666667,62.4,49.9,65.41666667,67.06666667,63.36666667,61.13333333,64.88333333
Dumpling Darlings,17.95,11.55,16.25,16.85,16.85,14.26666667,9.133333333,10.28333333,6.483333333,10.73333333,6.416666667,21.8,7.85,13.48333333,6.85,21.75,14.86666667,16.61666667,20.81666667,12.18333333,17.38333333,17.08333333,7.4,12.23333333,20.63333333,13.75,24.65,18.46666667,15.33333333,9.166666667,7.416666667,9.65,8.333333333,11.33333333,15,14.13333333,16.78333333,8.7,8.566666667,23.78333333,13.96666667,9.233333333,9.4,24,1.65,19.71666667,8.35,8.166666667,9.283333333,8.95,11.51666667,19.28333333,24.5,31.28333333,45.35,44.38333333,14.65,34.83333333,15.78333333,33.18333333,39.65,8.65,53.25,13.63333333,8.066666667,14.45,17.9,13.11666667,12.08333333,6.766666667,11.96666667,10.86666667,17.36666667,45.81666667,72.96666667,,9.8,20.95,31.96666667,19.01666667,20.61666667,15.55,18.83333333,9.916666667
La Table d’Emma,17.53333333,17.63333333,12.86666667,9.383333333,9.933333333,7.166666667,11.7,3.466666667,15.21666667,1.433333333,10.31666667,18.63333333,9.4,6.033333333,11.43333333,16.71666667,17.23333333,14.11666667,23.73333333,17.55,20.3,20.96666667,14.53333333,5.45,18.46666667,6.3,16.96666667,10.78333333,19.15,7.45,6.216666667,3.633333333,1.55,1.533333333,11.31666667,14.06666667,9.333333333,4.05,17.31666667,16.1,12.6,9.4,9.25,18.88333333,9.35,18.1,13.73333333,12.73333333,13.45,17.7,4.366666667,12.48333333,17.71666667,34.2,49.66666667,42.18333333,17.56666667,32.63333333,18.7,30.98333333,37.45,4.816666667,56.16666667,6.833333333,10.45,17.36666667,10.21666667,13.45,9.116666667,9.183333333,14.98333333,3.716666667,15.4,48.73333333,68.23333333,9.683333333,,22.56666667,34.88333333,15.28333333,16.93333333,13.23333333,12.03333333,16.71666667
Suju Masayuki Mandarin Gallery,35.98333333,25.5,22.75,25.71666667,23.55,23.43333333,14.05,20.33333333,11.33333333,21.53333333,19.75,5.816666667,19.2,18.81666667,21.31666667,14.63333333,14.8,20.41666667,2.3,26.53333333,9.25,21.41666667,16.85,20.63333333,21.08333333,19.05,17.06666667,14.11666667,15.83333333,18.11666667,20.91666667,20.05,15.03333333,22.58333333,22.5,21.93333333,25.76666667,20.78333333,21.46666667,26.73333333,22.48333333,19.28333333,19.06666667,28.75,12.71666667,26.5,23.18333333,22.16666667,22.88333333,17.51666667,22.11666667,11,15.91666667,31.88333333,41.41666667,50.36666667,6.133333333,46.73333333,6.8,45.08333333,51.55,20.73333333,57.05,15.95,20.33333333,7.116666667,12.56666667,20.91666667,16.33333333,16.43333333,10.75,20.05,14.91666667,53.61666667,66.43333333,17.78333333,16.56666667,,26.71666667,22.81666667,24.41666667,19.35,11.85,14.6
Le Ruby Ice Cream Cafe & Bakery,53.31666667,36.46666667,35.01666667,36.11666667,34.68333333,34.4,25.01666667,31.3,27.21666667,35.13333333,32.01666667,23.56666667,31.46666667,31.08333333,34.86666667,29.76666667,25.58333333,27.33333333,26.63333333,38.8,23.1,32.38333333,34.11666667,32.08333333,32.05,31.31666667,35.96666667,33.13333333,26.8,32.86666667,35.93333333,34.13333333,36.35,34.65,33.76666667,32.9,36.18333333,31.75,32.43333333,41.38333333,32.73333333,31.55,31.33333333,42.76666667,33.11666667,40.78333333,35.45,34.43333333,36.8,28.48333333,33.08333333,26.41666667,24.66666667,47.28333333,45.38333333,55.68333333,20.48333333,55.9,21.6,54.25,60.71666667,31.7,68.01666667,28.21666667,32.6,20.26666667,32.53333333,31.88333333,30.85,28.45,21.71666667,31.01666667,29.31666667,64.58333333,50.03333333,31.81666667,34.8,26.76666667,,31.86666667,32.86666667,28.96666667,23.68333333,25.56666667
Woofie's Warehouse Thrift Store Haji Lane,24.7,19.95,18.5,19.16666667,19.31666667,17.45,11.5,13.5,8.466666667,16.4,13.16666667,19.66666667,16.23333333,14.38333333,13.6,9.85,12.78333333,7.5,18.56666667,21.43333333,18.63333333,23.31666667,9.6,17.55,9.766666667,14.6,14.7,10.96666667,13.28333333,17.33333333,13.41666667,16.85,17.26666667,15.91666667,17.25,16.38333333,20,14.08333333,18.91666667,20.28333333,16.21666667,15.98333333,16.15,26.25,10.85,25.41666667,22.1,21.11666667,20.28333333,14.96666667,14.71666667,14.83333333,26.15,33.53333333,47.6,48.36666667,15.9,40.73333333,17.03333333,39.08333333,45.55,14.83333333,47.5,14.21666667,19.35,15.7,10.4,15.36666667,14.33333333,18.83333333,17.33333333,14.06666667,7.816666667,48.06666667,63.78333333,12.51666667,16.06666667,18.78333333,33.21666667,,1.666666667,4.4,14.01666667,12.05
THE CARTEL'S VINTAGE STORE,26.46666667,21.65,20.2,20.86666667,21.01666667,19.2,13.2,15.25,10.23333333,18.15,14.93333333,21.43333333,18,16.15,15.36666667,9.133333333,14.55,9.266666667,20.33333333,23.2,20.33333333,24.41666667,19.56666667,19.3,11.46666667,16.36666667,13.98333333,12.71666667,16.95,19.08333333,15.18333333,18.6,19.01666667,17.66666667,18.95,18.08333333,20.93333333,15.83333333,20.61666667,22.03333333,17.91666667,21.88333333,17.91666667,27.95,12.61666667,27.11666667,23.8,22.81666667,21.98333333,16.66666667,16.46666667,15.93333333,27.9,35.23333333,49.3,50.06666667,17.6,39.5,18.73333333,37.85,44.31666667,16.58333333,49.2,15.98333333,21.05,17.4,12.15,17.06666667,16.03333333,20.58333333,18.43333333,15.81666667,9.516666667,49.76666667,67.81666667,14.28333333,17.81666667,20.55,34.91666667,1.766666667,,6.166666667,15.11666667,13.75
The Plump Frenchman,24,17.08333333,15.63333333,17.85,16.45,15.25,8.633333333,11.3,10.83333333,14.2,12.46666667,20.18333333,18.76666667,18.73333333,15.48333333,6.316666667,12.08333333,3.116666667,19.2,22.88333333,15.76666667,20.78333333,8.9,15.35,18.41666667,19,11.16666667,8.766666667,11.36666667,15.13333333,17.93333333,14.65,15.06666667,13.71666667,14.38333333,13.51666667,17.8,11.88333333,16.05,18.08333333,13.35,17.31666667,17.55,23.38333333,10.15,22.55,19.23333333,18.25,17.41666667,12.1,12.51666667,19.73333333,23.95,30.66666667,44.73333333,45.5,13.03333333,40.03333333,14.16666667,38.38333333,44.85,12.63333333,44.63333333,13.51666667,16.48333333,12.83333333,8.2,12.5,11.46666667,16.63333333,12.33333333,11.86666667,4.3,45.2,60.25,15.43333333,13.86666667,19.33333333,30.35,4.466666667,6.116666667,,12.1,9.183333333
New2U by SCWO,24.06666667,16.96666667,21.88333333,15.71666667,16.4,13.11666667,17.73333333,9.5,8.3,11.53333333,17.91666667,14.9,18.65,16.06666667,20.73333333,14.78333333,14.86666667,11.71666667,19.93333333,20.3,16.5,16.41666667,11.6,9.4,9.2,16.33333333,18.51666667,16.81666667,12.7,9.183333333,11.98333333,8.7,10.78333333,11.03333333,17.35,20.1,15.66666667,10.08333333,19.73333333,22.13333333,19.7,18.68333333,18.51666667,33.05,9.683333333,20.36666667,16.46666667,16.28333333,16.98333333,18.9,10.38333333,7.916666667,20.61666667,40.33333333,47.48333333,47.46666667,13.76666667,37.91666667,14.9,36.26666667,42.73333333,10.83333333,54.3,16.13333333,19.75,13.56666667,16.25,20.7,21.13333333,13.83333333,10.45,9.733333333,10.83333333,54.86666667,66.2,18.73333333,11.2,20.06666667,21.85,14.4,15.4,12.18333333,,8.3
Cherry Thrift Shop,20.01666667,15.4,13.95,14.61666667,14.76666667,16.95,6.95,13.23333333,3.616666667,9.616666667,8.483333333,15.5,9.916666667,9.7,13.8,16.98333333,11.51666667,10.31666667,14.51666667,14.25,11.08333333,13.08333333,10.58333333,12.56666667,14.78333333,9.916666667,18.1,15.3,7.433333333,10.05,8.733333333,9.233333333,7.9,10.93333333,12.7,11.83333333,14.68333333,13.68333333,11.5,27.65,11.66666667,15.63333333,15.86666667,21.7,9.083333333,14.31666667,10.41666667,10.23333333,15.73333333,7.15,15.01666667,11.45,20.11666667,28.98333333,43.05,43.81666667,8.35,36.05,9.483333333,34.4,40.86666667,13.63333333,46.95,9.533333333,14.8,8.15,14.7,10.81666667,9.783333333,12.6,7.65,12.95,11.06666667,43.51666667,70.56666667,9.716666667,9.4,14.65,25.66666667,12.71666667,14.31666667,9.25,17.28333333,